#,Àlies,Org.,Pro.,Eco.,Descripció,Crèdits inicials,Modificacions de crèdit,Crèdits totals consignats,Obligacions reconegudes
,,1001,91201,1000000,Retribucions  Bàsiques Càrrecs Electes,745187.62,0,745187.62,
,,1001,91201,1600000,Seguretat Social,191687.4,0,191687.4,
,,1100,15120,2260217,Gestió i publicitat Llei de Barrris,43000,28705.37,71705.37,
,,1100,23113,2279909,Contractes desenvolupament serveis,16000,-16000,0,
,,1100,49100,4890901,Quota Consell Català del Moviment Europeu,0,454.37,454.37,
,,1100,49100,2260300,Anuncis oficials,1200,0,1200,
,,1100,49100,2269900,Altres despeses,6000,-454.37,5545.63,
,,1100,49100,2270600,Estudis i treballs tècnics,24000,0,24000,
,,1100,92001,1200100,Sou base funcionari A2,0,0,0,
,,1100,92001,1200600,Triennis,0,0,0,
,,1100,92001,1210000,Complement destí,0,0,0,
,,1100,92001,1210100,Complement específic,0,0,0,
,,1100,92001,1300000,Retribucions bàsiques,0,31645.2,31645.2,
,,1100,92001,1300200,Altres remuneracions personal laboral fix,0,17087.64,17087.64,
,,1100,92001,1100000,Retribucions Bàsiques Eventual Gabinets,40325.04,0,40325.04,
,,1100,92001,1100100,Retribucions Complementàries Eventual Ga,140464.96,0,140464.96,
,,1100,92001,1600000,Seguretat Social,41713.08,15600.09,57313.17,
,,1100,92200,4660100,Transferència a la Federació de Municipis de Catalunya,25000,0,25000,
,,1100,92200,4660300,Transferències al  Fòrum Barcelonès Nord,3400,0,3400,
,,1110,91202,1100000,Retribucions Bàsiques Eventual Gabinets,18302.56,0,18302.56,
,,1110,91202,1100100,Retribucions Complementàries Eventual Ga,47158.38,0,47158.38,
,,1110,91202,1300000,Retribucions bàsiques personal laboral,26212.8,0,26212.8,
,,1110,91202,1300200,Altres retribucions personal laboral,13544.04,0,13544.04,
,,1110,91202,1600000,Seguretat Social,26664.24,0,26664.24,
,,1110,91204,4890500,Transferències als grups municipals,77700,0,77700,
,,1120,49101,4670200,Transferències a Localret,15000,0,15000,
,,1120,92003,1300100,Hores extraordinàries,0,0,0,
,,1120,92003,1620900,Premis antiguitat,0,0,0,
,,1120,92003,6400000,Despeses en inversions de caràcter immaterial,0,1274.2,1274.2,
,,1120,92003,1200000,Retribució sou base funcionari A1,18532.34,0,18532.34,
,,1120,92003,1200400,Retribució sou base funcionari C2,10326.92,0,10326.92,
,,1120,92003,1200600,Triennis,2935.56,0,2935.56,
,,1120,92003,1210000,Complement Destí  funcionaris,9774.48,0,9774.48,
,,1120,92003,1210100,Complement específic funcionaris,21527.4,0,21527.4,
,,1120,92003,1300000,Retribucions bàsiques personal laboral,219340.15,26417.08,245757.23,
,,1120,92003,1300200,Altres retribucions personal laboral,62693.16,9362.28,72055.44,
,,1120,92003,1310000,Retribucions personal Laboral eventual,61828.52,0,61828.52,
,,1120,92003,1600000,Seguretat Social,126208.54,11315.83,137524.37,
,,1120,92003,2130100,Manteniment instal.lacions,2000,0,2000,
,,1120,92003,2200000,Material d'oficina,20000,0,20000,
,,1120,92003,2200100,"Premsa, revistes, llibres i altres publicacions",1000,0,1000,
,,1120,92003,2200200,Material informàtic,5000,-1274.2,3725.8,
,,1120,92003,2260200,Publicitat i propaganda,95000,43560,138560,
,,1120,92003,2260300,Anuncis oficials,1000,0,1000,
,,1120,92003,2269900,Altres despeses,6000,1383.03,7383.03,
,,1120,92003,2270600,Estudis i treballs tècnics,20000,0,20000,
,,1200,91203,1620900,Premis antiguitat,0,0,0,
,,1200,91203,2260200,Publicitat i propaganda,0,0,0,
,,1200,91203,1200300,Retribució sou base funcionari C1,78909.68,0,78909.68,
,,1200,91203,1200600,Triennis,11286.44,0,11286.44,
,,1200,91203,1210000,Complement Destí  funcionaris,25751.04,0,25751.04,
,,1200,91203,1210100,Complement específic funcionaris,75252.72,0,75252.72,
,,1200,91203,1210300,Altres complements funcionaris,5690.4,0,5690.4,
,,1200,91203,1300000,Retribucions bàsiques personal laboral,67477.24,0,67477.24,
,,1200,91203,1300200,Altres retribucions personal laboral,24518.28,0,24518.28,
,,1200,91203,1600000,Seguretat Social,75820.44,0,75820.44,
,,1200,91203,2230000,Transports,400,0,400,
,,1200,91203,2260100,Atencions protocolàries,7200,0,7200,
,,1200,91203,2260900,Actes i exposicions,5000,0,5000,
,,1200,91203,2269900,Altres despeses,19800,11500,31300,
,,1200,92400,4890300,Transferències entitats,13000,-11500,1500,
,,1210,91203,1620900,Altres despeses socials,0,0,0,
,,1210,91203,1100000,Retribucions Bàsiques Eventual Gabinets,26179.92,0,26179.92,
,,1210,91203,1100100,Retribucions Complementàries Eventual Ga,47266.08,0,47266.08,
,,1210,91203,1200300,Retribució sou base funcionari C1,48770.5,0,48770.5,
,,1210,91203,1200400,Retribució sou base funcionari C2,12145.51,0,12145.51,
,,1210,91203,1200600,Triennis,7918.52,0,7918.52,
,,1210,91203,1210000,Complement Destí  funcionaris,17938.92,0,17938.92,
,,1210,91203,1210100,Complement específic funcionaris,39595.68,0,39595.68,
,,1210,91203,1210300,Altres complements funcionaris,10038.72,0,10038.72,
,,1210,91203,1300000,Retribucions bàsiques personal laboral,138033.19,25308.06,163341.25,
,,1210,91203,1300200,Altres retribucions personal laboral,17234.88,1774.97,19009.85,
,,1210,91203,1600000,Seguretat Social,111362.12,8662.62,120024.74,
,,1500,32609,2269900,Altres despeses-Ciutat Universitària,8000,0,8000,
,,1500,92300,2269900,Altres despeses-transparència,2000,0,2000,
,,1500,92400,1300000,Retribucions bàsiques personal laboral,31049.17,0,31049.17,
,,1500,92400,1300200,Altres retibucions personal laboral,3756.6,0,3756.6,
,,1500,92400,1600000,Seguretat Social,11011.53,0,11011.53,
,,1500,92400,4890100,Altres transferències (beques estudis PAM),14000,2475,16475,
,,1500,92400,4890101,Altres transferències (cultura de proximitat),13000,-13000,0,
,,1500,92402,2260900,Actes i exposicions,2550,0,2550,
,,1500,92402,2270600,Estudis i treballs tècnics,4000,0,4000,
,,1500,92403,1300000,Retribucions bàsiques personal laboral,31552.28,0,31552.28,
,,1500,92403,1300200,Altres retribucions personal laboral,3756.6,0,3756.6,
,,1500,92403,1600000,Seguretat social,11181.48,0,11181.48,
,,1500,92403,2269914,Dinamització processos,26000,0,26000,
,,1500,92404,2269900,Altres despeses-procès participatiu PAM,25000,0,25000,
,,1500,92405,2269900,Altres despeses-regidories de districtes,5000,0,5000,
,,1600,23109,1620900,Premis antiguitat,0,0,0,
,,1600,23109,2230000,Transports,0,0,0,
,,1600,23109,2279909,Altres treballs realitzats per empreses i profesionals,0,18249.51,18249.51,
,,1600,23109,2279910,Contractes activitats artístiques i culturals,0,0,0,
,,1600,23109,1300000,Retribucions bàsiques personal laboral,63805.32,0,63805.32,
,,1600,23109,1300200,Altres retribucions personal laboral,7733.76,0,7733.76,
,,1600,23109,1600000,Seguretat social,22977.36,0,22977.36,
,,1600,23109,2200100,"Premsa, revistes, llibres i altres publicacions",3000,0,3000,
,,1600,23109,2260900,Actes i exposicions,30000,26000,56000,
,,1600,23109,2269900,Programa joves i cooperació i altres despeses,38000,0,38000,
,,1600,23109,2270600,Estudis i treballs tècnics,17000,10000,27000,
,,1600,23109,4890100,"Altres transferències, ajuts i emergències",147000,-18249.51,128750.49,
,,2000,15000,4490300,"Transferències a Gramepark, SA",1500000,60745.23,1560745.23,
,,2000,15000,7490000,Transferències de capital,1349633.93,2557031.12,3906665.05,
,,2000,23119,4890600,Transferències a les famílies-Majors 65 anys,25000,-18630,6370,
,,2000,23120,4890600,Transferències a les famílies-Monoparentals,25000,-16600,8400,
,,2000,23122,4890600,Transferències a les famílies-Aturats,250000,-245870,4130,
,,2000,24100,4490100,"Transferències a Grameimpuls, SA",1000000,84232.37,1084232.37,
,,2000,24100,4490101,"Transferències a Grameimpuls, SA (Llei Barris/ cofinançament",300000,0,300000,
,,2000,24100,4490200,Fons Pla d'ocupació,600000,-91481.86,508518.14,
,,2000,24101,4490100,Transferències a GrameImpuls gestió subvencions,0,6356140.88,6356140.88,
,,2000,24101,7490002,Transferències a Grameimpuls SA,0,0,0,
,,2000,32606,4110200,Transferència Patronat Municipal de la Música,368000,30713,398713,
,,2000,32609,2279913,"Convenis (UNED, Torribera)",288000,0,288000,
,,2000,43200,2260900,Actes i exposicions,0,0,0,
,,2000,43200,2279909,Contractes desenvolupament serveis,0,30000,30000,
,,2000,43200,6400000,Despeses en inversions de caràcter immaterial,0,1049.5,1049.5,
,,2000,43200,2269900,Altres despeses,15000,-1049.5,13950.5,
,,2000,92901,5000000,Fons contingència LOEPSF 2/2012,500000,-500000,0,
,,2000,93100,2200100,"Premsa, revistes i llibres",2000,0,2000,
,,2000,93100,2269900,Altres despeses,20000,-15300.28,4699.72,
,,2000,93100,2270600,Estudis i treballs tècnics,2000,33000,35000,
,,2000,93100,4890100,Altres transferències,27000,0,27000,
,,2000,93101,1100000,Retribucions Bàsiques Eventual Gabinets,16732.98,0,16732.98,
,,2000,93101,1100100,Retribucions Complementàries Eventual Ga,51198.3,0,51198.3,
,,2000,93101,1600000,Seguretat Social,14080.92,0,14080.92,
,,2000,94301,4640100,Transferències a AMB PAMMU,1343764.22,0,1343764.22,
,,2000,94301,4640200,Transferències a AMB  PMTE,2980000,2787.56,2982787.56,
,,2010,93101,1300000,Retribucions bàsiques,0,0,0,
,,2010,93101,1200000,Retribució sou base funcionari A1,17456.96,0,17456.96,
,,2010,93101,1200300,Retribució sou base funcionari C1,24911.7,0,24911.7,
,,2010,93101,1200600,Triennis,5964.12,0,5964.12,
,,2010,93101,1210000,Complement Destí  funcionaris,15749.04,0,15749.04,
,,2010,93101,1210100,Complement específic funcionaris,24524.64,0,24524.64,
,,2010,93101,1600000,Seguretat Social,22670.28,0,22670.28,
,,2200,43000,1200000,Retribucions sou base funcionari A1,18838.77,0,18838.77,
,,2200,43000,1200100,Retribucions sou base funcionari A2,15377.06,0,15377.06,
,,2200,43000,1200300,Retribucions sou base funcionari C1,12678.48,0,12678.48,
,,2200,43000,1200400,Retribucions sou base funcionari C2,14114.36,0,14114.36,
,,2200,43000,1200600,Trienis,9814.17,0,9814.17,
,,2200,43000,1210000,Complement destí funcionaris,21283.32,0,21283.32,
,,2200,43000,1210100,Complement específic funcionaris,48630.24,0,48630.24,
,,2200,43000,1300000,Retribucions bàsiques personal laboral,33168.46,0,33168.46,
,,2200,43000,1300200,Altres retribucions personal laboral,13651.08,0,13651.08,
,,2200,43000,1600000,Seguretat Social,56144.52,0,56144.52,
,,2200,43130,2270100,Seguretat,0,0,0,
,,2200,43200,2269900,Altres despeses,95000,0,95000,
,,2200,43300,2269900,Altres despeses,90000,54769.74,144769.74,
,,2200,43300,4890100,Altres tranferències,15000,101550,116550,
,,2300,93202,1620900,Premis antiguitat,0,0,0,
,,2300,93202,1200000,Retribució sou base funcionari A1,46024.37,0,46024.37,
,,2300,93202,1200100,Retribució sou base funcionari A2,16247.44,0,16247.44,
,,2300,93202,1200300,Retribució sou base funcionari C1,122287.24,0,122287.24,
,,2300,93202,1200400,Retribució sou base funcionari C2,33343.24,0,33343.24,
,,2300,93202,1200600,Triennis,24541.13,0,24541.13,
,,2300,93202,1210000,Complement Destí  funcionaris,67794.12,0,67794.12,
,,2300,93202,1210100,Complement específic funcionaris,148329.12,0,148329.12,
,,2300,93202,1210300,Altres complements funcionaris,5998.56,0,5998.56,
,,2300,93202,1300000,Retribucions bàsiques personal laboral,2408.52,0,2408.52,
,,2300,93202,1300200,Altres retribucions personal laboral,10323,0,10323,
,,2300,93202,1600000,Seguretat Social,129737.55,0,129737.55,
,,2300,93202,2269900,Altres despeses (Registre de la Propietat),4000,1500,5500,
,,2400,23108,1200100,Retribució sou base funcionari A2,386161.36,0,386161.36,
,,2400,23108,1200600,Triennis,22269.52,0,22269.52,
,,2400,23108,1210000,Complement Destí  funcionaris,119622,0,119622,
,,2400,23108,1210100,Complement específic funcionaris,223917,0,223917,
,,2400,23108,1600000,Seguretat Social,234580.26,0,234580.26,
,,2400,91201,2330001,Altres indemnitzacions per assistència a orgàns col·legiats,27000,0,27000,
,,2400,92013,1000100,Altres remuneracions càrrecs electes,0,28000,28000,
,,2400,92013,1100200,Altres remuneracions personal eventual,0,22000,22000,
,,2400,92013,1200900,Altres retribucions personal funcionari,0,410000,410000,
,,2400,92013,1300200,Altres remuneracions personal laboral fix,0,220233.95,220233.95,
,,2400,92013,1310000,Retribucions personal laboral eventual,0,10071.98,10071.98,
,,2400,92013,1430000,Despeses per substitucions,0,9694.07,9694.07,
,,2400,92013,1500000,Complement Productivitat,500000,31605.09,531605.09,
,,2400,92013,1510000,Treballs extraordinaris,185744.14,-185744.14,0,
,,2400,92013,1600000,Seguretat social,76686.08,0,76686.08,
,,2400,92013,1620000,Formació,50000,0,50000,
,,2400,92013,1620400,Ajuts socials,46000,0,46000,
,,2400,92013,1620900,Premis antiguitat,14000,0,14000,
,,2400,92013,2260300,Anuncis oficials,4000,0,4000,
,,2400,92013,2269900,Altres despeses,2000,0,2000,
,,2400,92013,2270600,Estudis i treballs tècnics,2000,0,2000,
,,2400,92013,2301000,Dietes serveis generals,12000,0,12000,
,,2400,92013,2302000,Xecs menjador,40000,0,40000,
,,2400,92013,2302001,Dietes jornada partida,30000,0,30000,
,,2400,92013,2311000,Locomoció serveis generals,9000,0,9000,
,,2400,92013,2330000,Altres indemnitzacions,3000,0,3000,
,,2400,92013,4890100,Altres transferències,3500,1000,4500,
,,2400,92013,8310000,Préstecs al personal llarg termini,180000,0,180000,
,,2401,13200,1200300,Retribucions sou base funcionaris C1,13363.78,0,13363.78,
,,2401,13200,1210000,Complement destí funcionaris,3968.52,0,3968.52,
,,2401,13200,1210100,Complement específic funcionaris,15193.92,0,15193.92,
,,2401,13200,1600000,Seguretat Social,9300,0,9300,
,,2401,15001,1200300,Retribucions sou base funcionari C1,11698.99,0,11698.99,
,,2401,15001,1210000,Complement desti funcionaris,3696.72,0,3696.72,
,,2401,15001,1210100,Complement específic funcionaris,6595.08,0,6595.08,
,,2401,15001,1600000,Seguretat Social,6823.02,0,6823.02,
,,2401,17000,1200000,Retribució sou base funcionari A1,17427.32,0,17427.32,
,,2401,17000,1200600,Trienis,1023.6,0,1023.6,
,,2401,17000,1210000,Complement Destí  funcionaris,6179.28,0,6179.28,
,,2401,17000,1210100,Complement específic funcionaris,8808.72,0,8808.72,
,,2401,17000,1300000,Retribucions bàsiques personal laboral,73002.26,0,73002.26,
,,2401,17000,1300200,Altres retribucions personal laboral,31730.88,0,31730.88,
,,2401,17000,1600000,Seguretat Social,36969.6,0,36969.6,
,,2401,23105,1300000,Retribucions bàsiques personal laboral,50055.72,0,50055.72,
,,2401,23105,1300200,Altres retribucions personal laboral,3934.44,0,3934.44,
,,2401,23105,1600000,Seguretat Social,19760.04,0,19760.04,
,,2401,23113,1300000,Retribucions bàsiques personal laboral,28659.08,0,28659.08,
,,2401,23113,1300200,Altres retribucions personal laboral,10634.76,-10000,634.76,
,,2401,23113,1600000,Seguretat social,13504.92,0,13504.92,
,,2401,31102,1300000,Retribucions bàsiques personal laboral,28901.96,0,28901.96,
,,2401,31102,1300200,Altres retribucions personal laboral,1583.4,0,1583.4,
,,2401,31102,1600000,Seguretat social,10055.04,0,10055.04,
,,2401,32000,1300000,Retribucions bàsiques personal laboral,27484.02,0,27484.02,
,,2401,32000,1300200,Altres retribucions personal laboral,1583.4,0,1583.4,
,,2401,32000,1600000,Seguretat Social,9996.15,0,9996.15,
,,2401,33210,1200300,Retribucions bàsiques funcionari C1,11902.06,0,11902.06,
,,2401,33210,1200600,Trienis,318.96,0,318.96,
,,2401,33210,1210000,Complement destí funcionaris,3696.72,0,3696.72,
,,2401,33210,1210100,Complement específic funcionaris,7537.92,0,7537.92,
,,2401,33210,1300000,Retribucions bàsiques personal laboral,20085.8,0,20085.8,
,,2401,33210,1300200,ALtres retribucions personal laboral,1029,0,1029,
,,2401,33210,1600000,Seguretat Social,14255.4,0,14255.4,
,,2401,91203,1300000,Retribucions bàsiques Personal laboral,20511.7,0,20511.7,
,,2401,91203,1600000,Seguretat Social,6660.24,0,6660.24,
,,2401,92000,1300000,Retribucions bàsiques personal laboral,0,28323.72,28323.72,
,,2401,92000,1300200,Altres remuneracions personal laboral fix,0,6931.32,6931.32,
,,2401,92000,1600000,Seguretat Social,0,12346.28,12346.28,
,,2401,92003,1300000,Retribucions bàsiques personal laboral,21597.6,0,21597.6,
,,2401,92003,1300200,Altres retribucions personal laboral,614.52,0,614.52,
,,2401,92003,1600000,Seguretat Social,6863.64,0,6863.64,
,,2401,92007,1300000,Retribucions bàsique personal laboral,20219.02,0,20219.02,
,,2401,92007,1300200,Altres retribucions personal laboral,286.92,0,286.92,
,,2401,92007,1600000,Seguretat Social,6336.36,0,6336.36,
,,2401,92013,1200000,Retribució sou base funcionari A1,56645.38,0,56645.38,
,,2401,92013,1200100,Retribució sou base funcionari A2,127020.06,0,127020.06,
,,2401,92013,1200300,Retribució sou base funcionari C1,50421.3,0,50421.3,
,,2401,92013,1200400,Retribució sou base funcionari C2,10498.34,0,10498.34,
,,2401,92013,1210000,Complement Destí  funcionaris,88126.92,0,88126.92,
,,2401,92013,1210100,Complement específic funcionaris,195339.48,0,195339.48,
,,2401,92013,1600000,Seguretat Social,162552.48,0,162552.48,
,,2401,92023,1200100,Retribucions sou base funcionaris A2,15325.86,0,15325.86,
,,2401,92023,1210000,Complement destí funcionaris,6179.28,0,6179.28,
,,2401,92023,1210100,Complement específic funcionaris,12045.36,0,12045.36,
,,2401,92023,1300000,Retribucions bàsiques personal laboral,42502.5,0,42502.5,
,,2401,92023,1600000,Seguretat Social,25442.28,0,25442.28,
,,2401,93101,1200000,Retribucions sou base funcionaris A1,17322.08,0,17322.08,
,,2401,93101,1210000,Complement destí funcionaris,7508.04,0,7508.04,
,,2401,93101,1210100,Complement específic funcionaris,24434.4,0,24434.4,
,,2401,93101,1600000,Seguretat Social,13417.2,0,13417.2,
,,2410,92013,1310000,Retribucions personal laboral eventual,0,0,0,
,,2410,92013,1620900,Premis antiguitat,0,0,0,
,,2410,92013,1200000,Retribució sou base funcionari A1,37680.32,0,37680.32,
,,2410,92013,1200300,Retribució sou base funcionari C1,11767.86,0,11767.86,
,,2410,92013,1200600,Triennis,5991.72,0,5991.72,
,,2410,92013,1210000,Complement Destí  funcionaris,17384.04,0,17384.04,
,,2410,92013,1210100,Complement específic funcionaris,37416,0,37416,
,,2410,92013,1300000,Retribucions bàsiques personal laboral,62022.28,0,62022.28,
,,2410,92013,1300200,Altres retribucions personal laboral,3489.6,0,3489.6,
,,2410,92013,1600000,Seguretat Social,49469.34,0,49469.34,
,,2420,92014,1510000,Gratificacions treballs extraordinaris,0,0,0,
,,2420,92014,1200100,Retribució sou base funcionari A2,18313.82,0,18313.82,
,,2420,92014,1200300,Retribució sou base funcionari C1,73299.21,0,73299.21,
,,2420,92014,1200600,Triennis,10064.55,0,10064.55,
,,2420,92014,1210000,Complement Destí  funcionaris,31320.84,0,31320.84,
,,2420,92014,1210100,Complement específic funcionaris,71722.44,0,71722.44,
,,2420,92014,1300000,Retribucions bàsiques personal laboral,25078.56,0,25078.56,
,,2420,92014,1600000,Seguretat Social,60636.83,0,60636.83,
,,2430,92013,1620000,Formació prevenció riscos laborals,20000,0,20000,
,,2430,92017,1430000,Despeses per substitucions,0,0,0,
,,2430,92017,1200300,Retribució sou base funcionari C1,14518.32,0,14518.32,
,,2430,92017,1200600,Triennis,3622.27,0,3622.27,
,,2430,92017,1210000,Complement Destí  funcionaris,6179.28,0,6179.28,
,,2430,92017,1210100,Complement específic funcionaris,17656.56,0,17656.56,
,,2430,92017,1300000,Retribucions bàsiques personal laboral,72147.96,0,72147.96,
,,2430,92017,1300200,Altres retribucions personal laboral,24681.36,0,24681.36,
,,2430,92017,1600000,Seguretat Social,38073.48,0,38073.48,
,,2430,92017,2269900,Altres despeses,1000,0,1000,
,,2430,92017,2279909,Contractes desenvolupament serveis,79463,8000,87463,
,,2440,92015,1200000,Retribució sou base funcionari A1,17776.98,0,17776.98,
,,2440,92015,1200300,Retribució sou base funcionari C1,23895.08,0,23895.08,
,,2440,92015,1200600,Triennis,6335.4,0,6335.4,
,,2440,92015,1210000,Complement Destí  funcionaris,13572.72,0,13572.72,
,,2440,92015,1210100,Complement específic funcionaris,21998.88,0,21998.88,
,,2440,92015,1300000,Retribucions bàsiques personal laboral,38529.52,0,38529.52,
,,2440,92015,1300200,Altres retribucions personal laboral,15865.44,0,15865.44,
,,2440,92015,1430000,Despeses per substitució,22720.42,0,22720.42,
,,2440,92015,1600000,Seguretat Social,41769.48,0,41769.48,
,,2500,92002,1200000,Retribució sou base funcionari A1,18173.64,0,18173.64,
,,2500,92002,1200600,Triennis,2024.64,0,2024.64,
,,2500,92002,1210000,Complement Destí  funcionaris,7508.04,0,7508.04,
,,2500,92002,1210100,Complement específic funcionaris,11313.84,0,11313.84,
,,2500,92002,1310000,Retribucions personal Laboral eventual,42290.67,0,42290.67,
,,2500,92002,1600000,Seguretat Social,24762.96,0,24762.96,
,,2600,92008,1510000,Gratificacions treballs extraordinaris,0,947.63,947.63,
,,2600,92008,1610400,Indemnització al personal lab. per jubilacions anticipades.,0,0,0,
,,2600,92008,1620900,Premis antiguitat,0,0,0,
,,2600,92008,2130000,"Maquinària, instal·lacions tècniques i utillatge",0,0,0,
,,2600,92008,6410000,Despeses aplicacions informàtiques,0,47351.67,47351.67,
,,2600,92008,1200300,Retribució sou base funcionari C1,62863.48,0,62863.48,
,,2600,92008,1200600,Triennis,9707.64,0,9707.64,
,,2600,92008,1210000,Complement Destí  funcionaris,21205.8,0,21205.8,
,,2600,92008,1210100,Complement específic funcionaris,42876,0,42876,
,,2600,92008,1210300,Altres complements funcionaris,4982.04,0,4982.04,
,,2600,92008,1300000,Retribucions bàsiques personal laboral,289470.02,0,289470.02,
,,2600,92008,1300200,Altres retribucions personal laboral,40155.24,0,40155.24,
,,2600,92008,1430000,Despeses per substitució,96776.05,0,96776.05,
,,2600,92008,1600000,Seguretat Social,169432.9,0,169432.9,
,,2600,92008,2160100,Manteniment d'equips d'informàtica,279000,0,279000,
,,2600,92008,2200200,Manteniment llicències software,75000,7000,82000,
,,2600,92008,2270600,Estudis i treballs tècnics,189000,0,189000,
,,2600,92008,2279916,Contractes manteniment de programes informàtics,84500,0,84500,
,,2600,92008,6260100,Equips procès d'informació,220000,-37219.93,182780.07,
,,2600,92010,2130200,Manteniment maquinària,17000,0,17000,
,,2600,92010,2220000,Telèfons,374136.33,34966.51,409102.84,
,,2600,92010,6230100,"Maquina, instal·lacions tècniques i utillatge",172000,-4746.58,167253.42,
,,2600,92310,2279916,Contractes manteniment de programes informàtics-Gestió padró,3600,0,3600,
,,2700,92004,1610400,Indemnització al personal lab. per jubilacions anticipades.,0,0,0,
,,2700,92004,1620900,Premis antiguitat,0,0,0,
,,2700,92004,1200300,Retribució sou base funcionari C1,61923.44,0,61923.44,
,,2700,92004,1200400,Retribució sou base funcionari C2,10291.1,0,10291.1,
,,2700,92004,1200600,Triennis,9231.72,0,9231.72,
,,2700,92004,1210000,Complement Destí  funcionaris,25206.36,0,25206.36,
,,2700,92004,1210100,Complement específic funcionaris,49254.6,0,49254.6,
,,2700,92004,1300000,Retribucions bàsiques personal laboral,34227.06,0,34227.06,
,,2700,92004,1300200,Altres retribucions personal laboral,17361.96,0,17361.96,
,,2700,92004,1600000,Seguretat Social,55903.56,0,55903.56,
,,2700,92004,2269900,Altres despeses,3000,0,3000,
,,2700,92004,2270600,Estudis i treballs tècnics,2000,0,2000,
,,2700,92401,1510100,Gratificacions pels serveis a les eleccions.,0,0,0,
,,2700,92401,2269980,Processos electorals,70000,-13963.68,56036.32,
,,2710,92007,1300100,Hores extraordinàries,0,0,0,
,,2710,92007,1620900,Premis antiguitat,0,0,0,
,,2710,92007,1200400,Retribució sou base funcionari C2,21035.26,0,21035.26,
,,2710,92007,1200600,Triennis,2715.12,0,2715.12,
,,2710,92007,1210000,Complement Destí  funcionaris,6304.08,0,6304.08,
,,2710,92007,1210100,Complement específic funcionaris,15660.72,0,15660.72,
,,2710,92007,1300000,Retribucions bàsiques personal laboral,193524.86,0,193524.86,
,,2710,92007,1300200,Altres retribucions personal laboral,3253.68,0,3253.68,
,,2710,92007,1310000,Retribucions personal Laboral eventual,21077.4,0,21077.4,
,,2710,92007,1430000,Despeses per substitució,63235.96,0,63235.96,
,,2710,92007,1600000,Seguretat Social,97703.11,15743.62,113446.73,
,,2710,92007,2220100,Comunicacions postals,160000,0,160000,
,,2710,92007,2269900,Altres despeses,5000,0,5000,
,,2710,92007,2270600,Estudis i treballs tècnics,23000,0,23000,
,,2720,92501,1610400,Indemnització al personal lab. per jubilacions anticipades.,0,0,0,
,,2720,92501,1620900,Premi antiguitat,0,0,0,
,,2720,92501,1200300,Retribució sou base funcionari C1,176743.7,0,176743.7,
,,2720,92501,1200400,Retribució sou base funcionari C2,10418.09,0,10418.09,
,,2720,92501,1200600,Triennis,24868.97,0,24868.97,
,,2720,92501,1210000,Complement Destí  funcionaris,57933.12,0,57933.12,
,,2720,92501,1210100,Complement específic funcionaris,152897.16,0,152897.16,
,,2720,92501,1300000,Retribucions bàsiques personal laboral,112692.87,0,112692.87,
,,2720,92501,1300200,Altres retribucions personal laboral,15839.88,0,15839.88,
,,2720,92501,1430000,Despeses per substitució,27004.25,0,27004.25,
,,2720,92501,1600000,Seguretat Social,159178.37,0,159178.37,
,,2720,92501,2269900,Altres despeses,5000,0,5000,
,,2800,92009,1620900,Premis antiguitat,0,0,0,
,,2800,92009,1200000,Retribució sou base funcionari A1,38928.09,0,38928.09,
,,2800,92009,1200300,Retribució sou base funcionari C1,36813.34,0,36813.34,
,,2800,92009,1200600,Triennis,15981.35,0,15981.35,
,,2800,92009,1210000,Complement Destí funcionaris,27194.4,0,27194.4,
,,2800,92009,1210100,Complement específic funcionaris,57753.84,0,57753.84,
,,2800,92009,1300000,Retribucions bàsiques personal laboral,9406.54,0,9406.54,
,,2800,92009,1300200,Altres retribucions personal laboral,2745.72,0,2745.72,
,,2800,92009,1430000,Despeses per substitució,36001.5,0,36001.5,
,,2800,92009,1600000,Seguretat Social,60525.48,0,60525.48,
,,2800,92009,2260300,Anuncis oficials,10000,5000,15000,
,,2900,15100,6000100,Adquisició de sól,0,176055,176055,
,,2900,15220,6320000,EDIFICIS I ALTRES CONSTRUCCIONS,0,34000,34000,
,,2900,17100,6220100,"Edificis i construccions, inversió nova",0,238250,238250,
,,2900,23105,2020100,Lloguers,99000,2400,101400,
,,2900,33701,2020100,Lloguers,49000,0,49000,
,,2900,92000,2120200,Manteniment edificis,60000,0,60000,
,,2900,92000,2120400,Conservació i reparacions d'edificis,35000,0,35000,
,,2900,92000,2240000,Assegurances,238500,0,238500,
,,2900,92000,6320000,Edificis i altres construccions,39000,0,39000,
,,2900,92005,2060000,Lloguer equips informàtics,5000,0,5000,
,,2900,92005,2130100,Manteniment instal.lacions,79000,0,79000,
,,2900,92005,2200000,Material d'oficina,78000,0,78000,
,,2900,92005,2210300,Combustibles,68500,0,68500,
,,2900,92005,2210400,Vestuari,128642.82,-5000,123642.82,
,,2900,92005,2211000,Material neteja,30000,0,30000,
,,2900,92006,2269900,Altres despeses,2600,0,2600,
,,2900,92018,6250200,Mobiliari. Equips multifunció,0,3364.72,3364.72,
,,2900,92018,6260100,Equips procès d'informació,20000,0,20000,
,,2900,92019,6210000,Adquisició finca solar de les Aigües,314602.51,0,314602.51,
,,2900,92020,1620900,Premis antiguitat,0,0,0,
,,2900,92020,1200000,Retribució sou base funcionari A1,37785.68,0,37785.68,
,,2900,92020,1200100,Retribució sou base funcionari A2,16737.64,0,16737.64,
,,2900,92020,1200300,Retribució sou base funcionari C1,25868.96,0,25868.96,
,,2900,92020,1200600,Triennis,13639.35,0,13639.35,
,,2900,92020,1210000,Complement Destí  funcionaris,28348.2,0,28348.2,
,,2900,92020,1210100,Complement específic funcionaris,61650.96,0,61650.96,
,,2900,92020,1210300,Altres complements funcionaris,6136.56,0,6136.56,
,,2900,92020,1300000,Retribucions bàsiques personal laboral,25267.16,0,25267.16,
,,2900,92020,1300200,Altres retribucions personal laboral,2351.04,0,2351.04,
,,2900,92020,1600000,Seguretat Social,57875.28,0,57875.28,
,,2900,92020,2269900,Altres despeses diverses,1000,0,1000,
,,2900,92020,2270600,Estudis i treballs tècnics,10000,0,10000,
,,2900,92021,6250100,Mobiliari,20000,0,20000,
,,2900,92400,2020100,Lloguers,23500,0,23500,
,,2910,92006,1200000,Retribució sou base funcionari A1,17428.38,0,17428.38,
,,2910,92006,1200300,Retribució sou base funcionari C1,23712.04,0,23712.04,
,,2910,92006,1200600,Triennis,3119.64,0,3119.64,
,,2910,92006,1210000,Complement Destí  funcionaris,13572.72,0,13572.72,
,,2910,92006,1210100,Complement específic funcionaris,21998.88,0,21998.88,
,,2910,92006,1600000,Seguretat Social,23332.08,0,23332.08,
,,3000,13200,1620900,Premis antiguitat,0,0,0,
,,3000,13200,1200300,Retribució sou base funcionari C1,13284.88,0,13284.88,
,,3000,13200,1200600,Triennis,2551.08,0,2551.08,
,,3000,13200,1210000,Complement Destí  funcionaris,3696.72,0,3696.72,
,,3000,13200,1210100,Complement específic funcionaris,13906.56,0,13906.56,
,,3000,13200,1600000,Seguretat Social,8674.56,0,8674.56,
,,3100,13200,1510000,Gratificacions treballs extraordinaris,0,0,0,
,,3100,13200,1610400,Indemnització al personal lab. per jubilacions anticipades.,0,0,0,
,,3100,13200,1620900,Premis antiguitat,0,0,0,
,,3100,13200,1200000,Retribució sou base funcionari A1,22415.26,0,22415.26,
,,3100,13200,1200300,Retribució sou base funcionari C1,233817.25,0,233817.25,
,,3100,13200,1200600,Triennis,36645.44,0,36645.44,
,,3100,13200,1210000,Complement Destí  funcionaris,84274.44,0,84274.44,
,,3100,13200,1210100,Complement específic funcionaris,300212.76,0,300212.76,
,,3100,13200,1300000,Retribucions bàsiques personal laboral,31692.54,0,31692.54,
,,3100,13200,1300200,Altres retribucions personal laboral,927.96,0,927.96,
,,3100,13200,1600000,Seguretat Social,208653.6,0,208653.6,
,,3100,13200,2130300,Manteniment i reparació d'equips,25000,0,25000,
,,3100,13200,2140100,Manteniment i neteja de vehicles,52000,0,52000,
,,3100,13200,2219900,Altres subministraments,4200,0,4200,
,,3100,13200,2220300,Comunicacions informàtiques,3500,0,3500,
,,3100,13200,2230000,Transports,500,0,500,
,,3100,13200,2269900,Altres despeses,12500,22000,34500,
,,3100,13200,2269901,Transferència Fòrum Europeu,4000,0,4000,
,,3100,13200,6240000,Elements de transport,50000,0,50000,
,,3100,13301,2279903,Arrossegament de vehicles,909000,0,909000,
,,3100,13500,2269911,Pla d'emergència,5200,0,5200,
,,3200,13200,1510000,Gratificacions treballs extraordinaris,0,183254.1,183254.1,
,,3200,13200,1610400,Indemnització al personal lab. per jubilacions anticipades.,0,0,0,
,,3200,13200,1620900,Premis antiguitat,0,0,0,
,,3200,13200,1200000,Retribució sou base funcionari A1,20490.04,0,20490.04,
,,3200,13200,1200300,Retribució sou base funcionari C1,1341230.84,0,1341230.84,
,,3200,13200,1200600,Triennis,156902.93,0,156902.93,
,,3200,13200,1210000,Complement Destí  funcionaris,405651.72,0,405651.72,
,,3200,13200,1210100,Complement específic funcionaris,1602286.8,0,1602286.8,
,,3200,13200,1210300,Altres complements funcionaris,3952.2,0,3952.2,
,,3200,13200,1600000,Seguretat Social,1097567.84,62963.66,1160531.5,
,,3200,13500,1510000,Gratificacions treballs extraordinaris,0,0,0,
,,3200,13500,1200300,Retribucios sou base funcionari C1,14095.84,0,14095.84,
,,3200,13500,1200600,Trienis,1518.72,0,1518.72,
,,3200,13500,1210000,Complement destí funcionaris,4512.6,0,4512.6,
,,3200,13500,1210100,Complement específic funcionaris,17537.88,0,17537.88,
,,3200,13500,1600000,Seguretat social,10683,0,10683,
,,5000,23100,1100000,Retribucions Bàsiques Eventual Gabinets,17222.62,0,17222.62,
,,5000,23100,1100100,Retribucions Complementàries Eventual Ga,51198.3,0,51198.3,
,,5000,23100,1300000,Retribucions bàsiques personal laboral,6579.38,0,6579.38,
,,5000,23100,1300200,Altres retribucions personal laboral,252.12,0,252.12,
,,5000,23100,1600000,Seguretat Social,16258.78,0,16258.78,
,,5000,23100,2260300,Anuncis oficials,500,0,500,
,,5000,23100,2269900,Altres despeses,5000,0,5000,
,,5000,32406,4670100,Transferències a l'Heura,151000,0,151000,
,,5000,92400,4890100,Favgram conveni associacionisme veïnal,0,13000,13000,
,,5020,23104,1620900,Premis antiguitat,0,0,0,
,,5020,23104,1300000,Retribucions bàsiques personal laboral,181208.82,0,181208.82,
,,5020,23104,1300200,Altres retribucions personal laboral,17116.92,0,17116.92,
,,5020,23104,1600000,Seguretat Social,64242.32,0,64242.32,
,,5021,23110,4640000,EMT. Targeta rosa de transport,48775.92,-16000,32775.92,
,,5021,92023,1300000,Retribucions bàsiques personal laboral,31879.92,0,31879.92,
,,5021,92023,1300200,Altres retribucions personal laboral,3756.6,0,3756.6,
,,5021,92023,1600000,Seguretat Social,11048.76,0,11048.76,
,,5022,23111,2230000,TRANSPORTS,0,27396.61,27396.61,
,,5022,23111,2269900,Altres despeses,3000,0,3000,
,,5022,23111,2279909,Contractes desenvolupament serveis,500000,10310,510310,
,,5022,23111,4800200,Transferències Serveis Socials a Institucions,30000,0,30000,
,,5022,92023,1200300,Retribució sou base funcionari C1,11685.88,0,11685.88,
,,5022,92023,1200600,Triennis,956.64,0,956.64,
,,5022,92023,1210000,Complement Destí  funcionaris,3696.72,0,3696.72,
,,5022,92023,1210100,Complement específic funcionaris,6595.08,0,6595.08,
,,5022,92023,1600000,Seguretat Social,7106.4,0,7106.4,
,,5023,23112,2269900,Altres despeses,6345,0,6345,
,,5023,23112,2279909,Contractes desenvolupament serveis,502000,0,502000,
,,5024,23101,2269900,Altres despeses,3610,0,3610,
,,5024,23101,4790200,Subvenció dèficit explotació concessionari SAD,2228236.6,495332.54,2723569.14,
,,5024,23102,2279909,Contractes desenvolupament serveis,150000,30000,180000,
,,5024,92023,1620900,Premis antiguitat,0,0,0,
,,5024,92023,1200300,Retribució sou base funcionari C1,12036,0,12036,
,,5024,92023,1200400,Retribució sou base funcionari C2,10887.18,0,10887.18,
,,5024,92023,1200600,Triennis,5065.56,0,5065.56,
,,5024,92023,1210000,Complement Destí  funcionaris,6848.76,0,6848.76,
,,5024,92023,1210100,Complement específic funcionaris,15198.6,0,15198.6,
,,5024,92023,1430000,Despeses per substitució,22275.85,0,22275.85,
,,5024,92023,1600000,Seguretat Social,21609.27,0,21609.27,
,,5030,31100,1200300,Retribucions sou base funcionari C1,0,0,0,
,,5030,31100,1200400,Sous del grup C2,0,0,0,
,,5030,31100,1200600,Triennis,0,0,0,
,,5030,31100,1210000,Complement destí funcionaris,0,0,0,
,,5030,31100,1210100,Complement específic funcionaris,0,0,0,
,,5030,31100,1620900,Premis antiguitat,0,0,0,
,,5030,31100,2279909,Altres treballs realitzats per empreses i profesionals,0,0,0,
,,5030,31100,1300000,Retribucions bàsiques personal laboral,90215.6,0,90215.6,
,,5030,31100,1300200,Altres retribucions personal laboral,19452.96,0,19452.96,
,,5030,31100,1430000,Despeses per substitució,52464.22,0,52464.22,
,,5030,31100,1600000,Seguretat Social,48158.52,0,48158.52,
,,5030,31100,2219909,Material tècnic,2000,0,2000,
,,5030,31100,2269900,Altres despeses,6000,0,6000,
,,5030,31100,2270600,Estudis i treballs tècnics,7000,0,7000,
,,5030,31102,1300000,Retribucions bàsiques personal laboral,7971.76,0,7971.76,
,,5030,31102,1300200,Altres retribucions personal laboral,395.88,0,395.88,
,,5030,31102,1600000,Seguretat Social,2831.88,0,2831.88,
,,5030,92023,1200300,Retribució sou base funcionari C1,23687.48,0,23687.48,
,,5030,92023,1200600,Triennis,1725.76,0,1725.76,
,,5030,92023,1210000,Complement Destí  funcionaris,7393.44,0,7393.44,
,,5030,92023,1210100,Complement específic funcionaris,13190.16,0,13190.16,
,,5030,92023,1300000,Retribucions bàsiques personal laboral,6332.92,0,6332.92,
,,5030,92023,1600000,Seguretat Social,14926.08,0,14926.08,
,,5031,31101,2279910,Altres treballs realitzats per altres empreses i prof.,0,0,0,
,,5031,31101,2210600,Productes farmacèutics i sanitaris,2575,0,2575,
,,5031,31101,2269900,Altres despeses,4849.7,0,4849.7,
,,5031,31101,2270600,Estudis i treballs tècnics,18000,9340.73,27340.73,
,,5032,49301,1200300,Retribució sou base funcionari C1,12053.02,0,12053.02,
,,5032,49301,1200600,Triennis,2260.56,0,2260.56,
,,5032,49301,1210000,Complement Destí  funcionaris,3696.72,0,3696.72,
,,5032,49301,1210100,Complement específic funcionaris,6595.08,0,6595.08,
,,5032,49301,1600000,Seguretat Social,6256.08,0,6256.08,
,,5032,49301,2270600,Estudis i treballs tècnics,21601.4,8473,30074.4,
,,5032,49302,2270600,Estudis i treballs tècnics,3460,0,3460,
,,5033,31102,1300100,Hores extraordinàries,0,0,0,
,,5033,31102,1510000,Gratificacions treballs extraordinaris,0,1388.78,1388.78,
,,5033,31102,1620900,Premis antiguitat,0,0,0,
,,5033,31102,1200300,Retribució sou base funcionari C1,12547.86,0,12547.86,
,,5033,31102,1200600,Triennis,2245.2,0,2245.2,
,,5033,31102,1210000,Complement Destí  funcionaris,3696.72,0,3696.72,
,,5033,31102,1210100,Complement específic funcionaris,9666.24,0,9666.24,
,,5033,31102,1300000,Retribucions bàsiques personal laboral,25186.98,0,25186.98,
,,5033,31102,1300200,Altres retribucions personal laboral,2463.48,0,2463.48,
,,5033,31102,1430000,Despeses per substitució,29067.4,0,29067.4,
,,5033,31102,1600000,Seguretat Social,25364.64,0,25364.64,
,,5033,31102,2269900,Altres despeses,8500,0,8500,
,,5033,31102,2279909,Contractes desenvolupament serveis,30959.75,16216.2,47175.95,
,,5100,92023,1620900,Premis antiguitat,0,0,0,
,,5100,92023,1200000,Retribució sou base funcionari A1,37584.65,0,37584.65,
,,5100,92023,1200300,Retribució sou base funcionari C1,51144.74,0,51144.74,
,,5100,92023,1200600,Triennis,13595.34,0,13595.34,
,,5100,92023,1210000,Complement Destí  funcionaris,29562.36,0,29562.36,
,,5100,92023,1210100,Complement específic funcionaris,60405.6,0,60405.6,
,,5100,92023,1210300,Altres complements funcionaris,12791.88,0,12791.88,
,,5100,92023,1300000,Retribucions bàsiques personal laboral,96034.02,99844,195878.02,
,,5100,92023,1300200,Altres retribucions personal laboral,17664,6341.04,24005.04,
,,5100,92023,1430000,Despeses per substitució,44943.25,0,44943.25,
,,5100,92023,1600000,Seguretat Social,99673.2,53077.65,152750.85,
,,5112,23113,1200000,Retribució sou base funcionari A1,17889.44,0,17889.44,
,,5112,23113,1200100,Retribució sou base funcionari A2,15428.26,0,15428.26,
,,5112,23113,1200400,Retribució sou base funcionari C2,10600.66,0,10600.66,
,,5112,23113,1200600,Triennis,4872.19,0,4872.19,
,,5112,23113,1210000,Complement Destí  funcionaris,14559.36,0,14559.36,
,,5112,23113,1210100,Complement específic funcionaris,27073.56,0,27073.56,
,,5112,23113,1600000,Seguretat Social,26960.28,0,26960.28,
,,5112,23113,2279909,Contractes desenvolupament serveis,30481.06,484,30965.06,
,,5112,23117,2200000,ORDINARI NO INVENTARIABLE.,0,0,0,
,,5112,23117,1200100,Retribució sou base funcionari A2,15058.13,0,15058.13,
,,5112,23117,1200600,Triennis,842.88,0,842.88,
,,5112,23117,1210000,Complement Destí  funcionaris,4784.88,0,4784.88,
,,5112,23117,1210100,Complement específic funcionaris,7373.4,0,7373.4,
,,5112,23117,1600000,Seguretat Social,8665.08,0,8665.08,
,,5112,23117,2279909,Contractes desenvolupament serveis,60000,0,60000,
,,5200,33000,1200300,Retribucions sou base funcionari C1,0,0,0,
,,5200,33000,1200600,Triennis,0,0,0,
,,5200,33000,1210000,Complement destí,0,0,0,
,,5200,33000,1210100,Complement específic,0,0,0,
,,5200,33000,1300000,Retribucions bàsiques,0,0,0,
,,5200,33000,1300200,Altres remuneracions personal laboral fix,0,0,0,
,,5200,33000,2020000,Arrendaments d'edificis i altres construccions,0,0,0,
,,5200,33000,1100000,Retribucions Bàsiques Eventual Gabinets,40325.04,0,40325.04,
,,5200,33000,1100100,Retribucions Complementàries Eventual Ga,96024.96,0,96024.96,
,,5200,33000,1430000,Despeses per substitució,22973.2,0,22973.2,
,,5200,33000,1600000,Seguretat Social,48693.48,0,48693.48,
,,5200,33000,2269900,Altres despeses,2000,0,2000,
,,5200,33000,2279909,Comunicació,10000,-3350,6650,
,,5200,92023,1200300,Retribució sou base funcionari C1,12046.1,0,12046.1,
,,5200,92023,1200600,Triennis,2267.46,0,2267.46,
,,5200,92023,1210000,Complement Destí  funcionaris,3696.72,0,3696.72,
,,5200,92023,1210100,Complement específic funcionaris,6595.08,0,6595.08,
,,5200,92023,1600000,Seguretat Social,6343.92,0,6343.92,
,,5209,23102,2269900,Altres despeses diverses,0,8809,8809,
,,5209,23102,2279909,Altres treballs realitzats per empreses i profesionals,0,17987.94,17987.94,
,,5209,23102,4890100,Altres transferències,0,10012.06,10012.06,
,,5209,23107,2269900,Altres despeses,1500,0,1500,
,,5209,23107,2279909,Contractes desenvolupament serveis,76800,-8000,68800,
,,5210,33802,2200100,"Premsa, revistes, llibres i altres publicacions",0,0,0,
,,5210,33802,2230000,Transports,0,0,0,
,,5210,33802,2270600,Estudis i treballs tècnics,0,10900,10900,
,,5210,33802,4890100,Altres transferències,0,27000,27000,
,,5210,33802,6250100,Mobiliari,0,1160.22,1160.22,
,,5210,33802,1300000,Retribucions bàsiques personal laboral,7707.36,0,7707.36,
,,5210,33802,1300200,Altres retribucions personal laboral,395.88,0,395.88,
,,5210,33802,1310000,Retribucions personal Laboral eventual,31273.33,0,31273.33,
,,5210,33802,1600000,Seguretat Social,12521.28,0,12521.28,
,,5210,33802,2269900,Altres despeses,2000,183000,185000,
,,5210,33802,2279909,"Infraestructures (so, il·luminació)",265000,77443.87,342443.87,
,,5210,33802,2279910,Contractes activitats artístiques i culturals,265000,1050.9,266050.9,
,,5411,33402,1300100,Hores extraordinàries,0,0,0,
,,5411,33402,2219900,Altres Subministraments,0,0,0,
,,5411,33402,6230100,"Maquinària, instal.lacions tècniques i utillatge",0,750.2,750.2,
,,5411,33402,1300000,Retribucions bàsiques personal laboral,84496.73,0,84496.73,
,,5411,33402,1300200,Altres retribucions personal laboral,24631.32,0,24631.32,
,,5411,33402,1600000,Seguretat Social,31214.46,0,31214.46,
,,5411,33402,2269900,Altres despeses,12000,-750.2,11249.8,
,,5411,33402,2279909,Contractes desenvolupament serveis,3000,70133.23,73133.23,
,,5411,33402,2279910,Contractes activitats artístiques i culturals,85000,46894.99,131894.99,
,,5412,33401,1200300,Retribucions sou base funcionari C1,0,0,0,
,,5412,33401,1200600,Triennis,0,0,0,
,,5412,33401,1210000,Complement de destinació,0,0,0,
,,5412,33401,1210100,Complement específic,0,0,0,
,,5412,33401,1300000,Retribucions bàsiques personal laboral,22159.61,0,22159.61,
,,5412,33401,1430000,Despeses per substitució,31497.36,0,31497.36,
,,5412,33401,1600000,Seguretat Social,17031.67,0,17031.67,
,,5412,33401,2269900,Altres despeses,2000,0,2000,
,,5412,33401,2279909,Contractes desenvolupament serveis,3000,16292.78,19292.78,
,,5412,33401,2279910,Contractes activitats artístiques i culturals,35250,-25000,10250,
,,5413,33302,1300100,Hores extraordinàries,0,0,0,
,,5413,33302,2230000,Transports,0,0,0,
,,5413,33302,2240000,Assegurances,0,0,0,
,,5413,33302,2279909,Altres treballs realitzats per empreses i profesionals,0,0,0,
,,5413,33302,1300000,Retribucions bàsiques personal laboral,29989.78,0,29989.78,
,,5413,33302,1300200,Altres retribucions personal laboral,3433.92,0,3433.92,
,,5413,33302,1430000,Despeses per substitució,33035.97,0,33035.97,
,,5413,33302,1600000,Seguretat Social,20967.12,0,20967.12,
,,5413,33302,2269900,Altres despeses,5000,115.16,5115.16,
,,5413,33302,2279910,Contractes activitats artístiques i culturals,15000,2834.85,17834.85,
,,5414,33301,1300100,Hores extraordinàries,0,0,0,
,,5414,33301,1510000,Gratificacions treballs extraordinaris,0,0,0,
,,5414,33301,1620900,Premis antiguitat,0,0,0,
,,5414,33301,2230000,Transports,0,0,0,
,,5414,33301,2270600,Estudis i treballs tècnics,0,0,0,
,,5414,33301,2279909,Altres treballs realitzats per empreses i profesionals,0,0,0,
,,5414,33301,4890100,Altres transferències,0,750,750,
,,5414,33301,1200400,Retribució sou base funcionari C2,10569.96,0,10569.96,
,,5414,33301,1200600,Triennis,433.92,0,433.92,
,,5414,33301,1210000,Complement Destí  funcionaris,3152.04,0,3152.04,
,,5414,33301,1210100,Complement específic funcionaris,9063.96,0,9063.96,
,,5414,33301,1300000,Retribucions bàsiques personal laboral,70033.89,0,70033.89,
,,5414,33301,1300200,Altres retribucions personal laboral,6428.04,0,6428.04,
,,5414,33301,1430000,Despeses per substitució,69073.2,0,69073.2,
,,5414,33301,1600000,Seguretat Social,52877.53,0,52877.53,
,,5414,33301,2269900,Altres despeses,10434.16,0,10434.16,
,,5414,33301,2279910,Contractes activitats artístiques i culturals,24000,3150,27150,
,,5415,33210,1300000,Retribucions bàsiques personal laboral,32470.36,0,32470.36,
,,5415,33210,1300200,Altres retribucions personal laboral,8815.92,0,8815.92,
,,5415,33210,1600000,Seguretat Social,13063.68,0,13063.68,
,,5415,33210,2200100,"Premsa, revistes, llibres i altres publicacions-despeses com",600,0,600,
,,5415,33210,2269900,Altres despeses comunes biblioteques,3600,2466.08,6066.08,
,,5415,33210,2279910,Contractes activitats artístiques i culturals-Comuns Bibliot,3800,0,3800,
,,5415,33211,1510000,Gratificacions treballs extraordinaris,0,0,0,
,,5415,33211,1200300,Retribució sou base funcionari C1,72010.04,0,72010.04,
,,5415,33211,1200600,Triennis,5566.64,0,5566.64,
,,5415,33211,1210000,Complement Destí  funcionaris,22180.32,0,22180.32,
,,5415,33211,1210100,Complement específic funcionaris,45227.52,0,45227.52,
,,5415,33211,1430000,Despeses per substitució,23504.8,0,23504.8,
,,5415,33211,1600000,Seguretat Social,48875.58,0,48875.58,
,,5415,33211,2200100,"Premsa, revistes, llibres i altres publicacions-Biblioteca C",600,0,600,
,,5415,33211,2269900,Altres despeses -Biblioteca Central,3600,0,3600,
,,5415,33211,2279910,Contractes activitats artístiques i culturals-Biblioteca Cen,3800,363,4163,
,,5415,33212,1510000,Gratificacions treballs extraordinaris,0,0,0,
,,5415,33212,1200300,Retribució sou base funcionari C1,60028.8,0,60028.8,
,,5415,33212,1200400,Retribució sou base funcionari C2,10436,0,10436,
,,5415,33212,1200600,Triennis,5726.62,0,5726.62,
,,5415,33212,1210000,Complement Destí  funcionaris,21635.64,0,21635.64,
,,5415,33212,1210100,Complement específic funcionaris,45519.96,0,45519.96,
,,5415,33212,1600000,Seguretat Social,37766.3,0,37766.3,
,,5415,33212,2200100,"Premsa, revistes, llibres i altres publicacions-Biblioteca C",600,0,600,
,,5415,33212,2269900,Altres despeses -Biblioteca Can Peixauet,3600,116.89,3716.89,
,,5415,33212,2279910,Contractes activitats artístiques i culturals-Biblioteca Can,3800,0,3800,
,,5415,33213,1510000,Gratificacions treballs extraordinaris,0,0,0,
,,5415,33213,1200300,Retribució sou base funcionari C1,59633.48,0,59633.48,
,,5415,33213,1200400,Retribució sou base funcionari C2,10400.18,0,10400.18,
,,5415,33213,1200600,Triennis,2713.22,0,2713.22,
,,5415,33213,1210000,Complement Destí  funcionaris,21635.64,0,21635.64,
,,5415,33213,1210100,Complement específic funcionaris,45519.96,0,45519.96,
,,5415,33213,1600000,Seguretat Social,43233.48,0,43233.48,
,,5415,33213,2200100,"Premsa, revistes, llibres i altres publicacions-Biblioteca S",600,0,600,
,,5415,33213,2269900,Altres despeses -Biblioteca Singuerlin,3600,0,3600,
,,5415,33213,2279910,Contractes activitats artístiques i culturals-Biblioteca Sin,3800,0,3800,
,,5415,33214,1200400,Sous del grup C2,0,0,0,
,,5415,33214,1510000,Gratificacions treballs extraordinaris,0,0,0,
,,5415,33214,1200300,Retribució sou base funcionari C1,35637.24,0,35637.24,
,,5415,33214,1200600,Triennis,451.69,0,451.69,
,,5415,33214,1210000,Complement Destí  funcionaris,11090.16,0,11090.16,
,,5415,33214,1210100,Complement específic funcionaris,22613.76,0,22613.76,
,,5415,33214,1600000,Seguretat Social,21610.32,0,21610.32,
,,5415,33214,2200100,"Premsa, revistes, llibres i altres publicacions-Biblioteca F",600,0,600,
,,5415,33214,2269900,Altres despeses -Biblioteca Fondo,3600,0,3600,
,,5415,33214,2279910,Contractes activitats artístiques i culturals-Biblioteca Fon,3800,0,3800,
,,5416,33403,2279910,Contractes activitats artístiques i culturals,11300,0,11300,
,,5417,33404,2269900,Altres despeses -Centre Rellotge XXI,1000,0,1000,
,,5417,33404,2279909,Contractes desenvolupament serveis- Centre Rellotge XXI,108000,0,108000,
,,5417,33405,2269900,Altres despeses -Mas Fonollar,1000,0,1000,
,,5417,33405,2279909,Contractes desenvolupament serveis - Mas Fonollar,71000,3350,74350,
,,5417,33406,2279909,Contractes desenvolupament serveis -Servei Pidces,14000,0,14000,
,,5417,33407,1430000,Despeses per substitució,29826.76,0,29826.76,
,,5417,33407,1600000,Seguretat Social,9234,0,9234,
,,5417,33407,2279909,Contractes desenvolupament serveis- Programa Joventut,10000,114.95,10114.95,
,,5418,32601,2279909,Altres treballs realitzats per empreses i profesionals,0,0,0,
,,5418,32601,2279910,Contractes activitats artístiques,0,0,0,
,,5418,32601,2269900,Altres despeses,5400,2815.1,8215.1,
,,5419,17200,4890100,Altres transferències (medi ambient i higiene ambiental),1200,0,1200,
,,5419,23104,4890300,Transferències entitats (atenció a la dependència i a la gen,11975,-2396.61,9578.39,
,,5419,23106,4800200,Transferències Serveis Socials a Institucions (Benestar Soci,15000,-1031.42,13968.58,
,,5419,23113,4890100,Altres transferències (dona),4035,0,4035,
,,5419,31100,4890300,Transferències entitats (zoonosi i protecció d'animals),350,0,350,
,,5419,31101,4890300,Transferències entitats (salut pública i consum),15825,0,15825,
,,5419,32600,4890100,Altres transferències (educació i infància),5500,-1420.27,4079.73,
,,5419,33400,4890300,"Transferències entitats (cultura, gent gran, infància i jove",49000,-8917.61,40082.39,
,,5419,33702,4890300,Transferències entitats infància i joventut,0,0,0,
,,5419,92023,1620900,Premis antiguitat,0,0,0,
,,5419,92023,1300000,Retribucions bàsiques personal laboral,32368.52,0,32368.52,
,,5419,92023,1300200,Altres retribucions personal laboral,8456.64,0,8456.64,
,,5419,92023,1600000,Seguretat Social,13085.16,0,13085.16,
,,5419,92400,4890100,Altres transferències (cultura de proximitat),15543.13,2325.28,17868.41,
,,5419,92400,4890300,Transferències entitats (promoció de participació i ciutadan,1375,0,1375,
,,5500,15210,4490300,Transferències a Gramepark SA,0,18000,18000,
,,5500,23103,2120100,Arrenjament habitatges,39000,0,39000,
,,5500,23104,2279909,Contractes desenvolupament serveis,40000,-33100,6900,
,,5500,23105,1620900,Premis antiguitat,0,0,0,
,,5500,23105,2210500,Productes alimentaris,0,0,0,
,,5500,23105,2270400,"Custòdia, dipòsit i magatzematge",0,0,0,
,,5500,23105,1200000,Retribució sou base funcionari A1,17477.64,0,17477.64,
,,5500,23105,1200100,Retribució sou base funcionari A2,93077.87,0,93077.87,
,,5500,23105,1200400,Retribució sou base funcionari C2,21265.76,0,21265.76,
,,5500,23105,1200600,Triennis,12152.64,0,12152.64,
,,5500,23105,1210000,Complement Destí  funcionaris,41192.64,0,41192.64,
,,5500,23105,1210100,Complement específic funcionaris,79755.84,0,79755.84,
,,5500,23105,1300000,Retribucions bàsiques personal laboral,672134.07,0,672134.07,
,,5500,23105,1300200,Altres retribucions personal laboral,66110.4,0,66110.4,
,,5500,23105,1430000,Despeses per substitució,79711.54,0,79711.54,
,,5500,23105,1600000,Seguretat Social,335019.75,17362.08,352381.83,
,,5500,23105,2230000,Transports,1000,0,1000,
,,5500,23105,2269900,Altres despeses,3000,0,3000,
,,5500,23105,2279909,Contractes desenvolupament serveis,40000,22388.26,62388.26,
,,5500,23105,4800100,Transferències Serveis Socials,274000,413158.19,687158.19,
,,5500,23115,4890899,Ajut individualitzat Centre de dia Maria Vallduví Bello,0,0,0,
,,5500,23115,4890900,Programa Metropolità de mesures contra la pobresa energètica,0,74405.7,74405.7,
,,5500,23115,4890800,Fons d' ajuts socials,2900000,88205.5,2988205.5,
,,5500,23123,2279909,Contractes desenvolupament serveis-casals d'estiu,50000,0,50000,
,,5500,24100,2269910,Despesa Grameimpuls,36000,0,36000,
,,5500,92023,1200100,Retribució sou base funcionari A2,15479.46,0,15479.46,
,,5500,92023,1200300,Retribució sou base funcionari C1,11954.28,0,11954.28,
,,5500,92023,1200600,Triennis,2973.72,0,2973.72,
,,5500,92023,1210000,Complement Destí  funcionaris,8481.6,0,8481.6,
,,5500,92023,1210100,Complement específic funcionaris,15551.76,0,15551.76,
,,5500,92023,1300000,Retribucions bàsiques personal laboral,56465.14,0,56465.14,
,,5500,92023,1300200,Altres retribucions personal laboral,1583.4,0,1583.4,
,,5500,92023,1600000,Seguretat Social,32485.2,0,32485.2,
,,5514,23100,1620900,Premis antiguitat,0,0,0,
,,5514,23100,1200000,Retribució sou base funcionari A1,17481.52,0,17481.52,
,,5514,23100,1200100,Retribució sou base funcionari A2,15496.58,0,15496.58,
,,5514,23100,1200600,Triennis,4424.04,0,4424.04,
,,5514,23100,1210000,Complement Destí  funcionaris,10964.16,0,10964.16,
,,5514,23100,1210100,Complement específic funcionaris,16182.12,0,16182.12,
,,5514,23100,1300000,Retribucions bàsiques personal laboral,34935.85,0,34935.85,
,,5514,23100,1300200,Altres retribucions personal laboral,17362.08,0,17362.08,
,,5514,23100,1600000,Seguretat Social,33760.86,0,33760.86,
,,5514,23118,2269900,Altres despeses,3090,0,3090,
,,5514,23118,2270600,Estudis i treballs tècnics,5000,-2800,2200,
,,5514,23118,2279909,Contractes desenvolupament serveis,114000,8000,122000,
,,5514,23118,4890100,Altres transferències,8500,-5050,3450,
,,5514,23118,4890101,Conveni Banc del Temps,6500,0,6500,
,,5600,23121,2279909,Contractes desenvolupament serveis,515802.54,32000,547802.54,
,,5600,32700,1200300,Retribucions sou base funcinari C1,11836.72,0,11836.72,
,,5600,32700,1200600,Trienis,956.64,0,956.64,
,,5600,32700,1210000,Complement destí funcionaris,3696.72,0,3696.72,
,,5600,32700,1210100,Complement específic funcionaris,6595.08,0,6595.08,
,,5600,32700,1300000,Retribucions bàsiques personal laboral,90848.68,0,90848.68,
,,5600,32700,1300200,Altres retibucions personal laboral,27997.68,0,27997.68,
,,5600,32700,1600000,Seguretat social,40294.08,0,40294.08,
,,5700,33801,2269900,Altres despeses diverses,0,0,0,
,,5700,33801,2030000,"Arrendaments maquinària, instal·lacions i utillatge",30000,0,30000,
,,5700,33801,2260900,Actes i exposicions,10000,-4800,5200,
,,5700,33801,2279909,Contractes desenvolupament serveis,10000,2600,12600,
,,5800,33701,1300100,Hores extraordinàries,0,0,0,
,,5800,33701,1510000,Gratificacions treballs extraordinaris,0,0,0,
,,5800,33701,1620900,Premis antiguitat,0,0,0,
,,5800,33701,2120100,Manteniment edificis Centres Cívics i Casals Municipals,0,33522.05,33522.05,
,,5800,33701,2219900,Altres Subministraments,0,0,0,
,,5800,33701,2230000,Transports,0,0,0,
,,5800,33701,2240000,Assegurances,0,0,0,
,,5800,33701,6250100,Mobiliari,0,477.95,477.95,
,,5800,33701,1200300,Retribucions sou base funcionari C1,14269.72,0,14269.72,
,,5800,33701,1200400,Retribucions sou base funcionari  C2,41691.68,0,41691.68,
,,5800,33701,1200600,Trienis,5119.84,0,5119.84,
,,5800,33701,1210000,Complement Destí Funcionaris,18787.44,0,18787.44,
,,5800,33701,1210100,Complement Específics Funcionaris,48978,0,48978,
,,5800,33701,1300000,Retribucions bàsiques personal laboral,162472.01,0,162472.01,
,,5800,33701,1300200,Altres retribucions personal laboral,5526.12,0,5526.12,
,,5800,33701,1310000,Retrbucions personal eventual temporal,59613.48,0,59613.48,
,,5800,33701,1430000,Despeses per substitucions,64403.49,0,64403.49,
,,5800,33701,1600000,Seguretat Social,130722.38,0,130722.38,
,,5800,33701,2269900,Altres despeses,24100,-3900,20200,
,,5800,33701,2279909,Contractes desenvolupament serveis,35000,0,35000,
,,5800,33701,4890100,Altres transferències,26000,-26000,0,
,,5900,34000,2210400,Vestuari,0,0,0,
,,5900,34000,1300000,Retribucions bàsiques personal laboral general,185144.66,-185114.67,29.99,
,,5900,34000,1300200,Altres remuneracions personal laboral general,33443.88,-33443.88,0,
,,5900,34000,1500000,Productivitat general,12706.01,-12706.01,0,
,,5900,34000,1510000,Gratificacions treballs extraordinaris,5125.72,-5125.72,0,
,,5900,34000,1600000,Seguretat social general,70955.45,-70955.44,0.01,
,,5900,34000,1620000,Formació i perfeccionament personal laboral,3200,0,3200,
,,5900,34000,2140100,Reparació vehicles,5000,-5000,0,
,,5900,34000,2240000,Assegurances,1444,-1444,0,
,,5900,34000,2269900,Altres despeses,1539.2,0,1539.2,
,,5900,34000,2270600,Estudis i treballs tècnics administració,4322.93,0,4322.93,
,,5900,34100,1620900,Altres despeses socials,0,0,0,
,,5900,34100,2230000,Transports,0,0,0,
,,5900,34100,2240000,Assegurances,0,0,0,
,,5900,34100,2260921,Actes i activitats esportives,0,0,0,
,,5900,34100,2260922,Actes i activitats esportives excepcionals,0,0,0,
,,5900,34100,2269803,Despeses subvencions EN ESPÈCIE convenis subscrits UCA CROSS,0,10000,10000,
,,5900,34100,2269804,Despeses subvencions EN ESPÈCIE conv subscrits PATINATGE,0,683,683,
,,5900,34100,2269811,Despeses subv EN ESPÈCIE conveni subscrit Ràpid Santa Coloma,0,0,0,
,,5900,34100,2269812,Despeses subv EN ESPÈCIE conveni subscrit Cursa Ciclista,0,0,0,
,,5900,34100,2269820,Despeses subvencions EN ESPÈCIE conveni Cursa per la vida,0,3500,3500,
,,5900,34100,1300000,Retribucions bàsiques personal laboral promoció,114026.52,-23240.53,90785.99,
,,5900,34100,1300200,Altres remuneracions personal laboral promoció,27513.96,-9087.24,18426.72,
,,5900,34100,1310000,Retribucions personal laboral eventual promoció,50,0,50,
,,5900,34100,1500000,Productivitat promoció,7423.35,-7423.35,0,
,,5900,34100,1600000,Seguretat social promoció,45210.52,-11315.83,33894.69,
,,5900,34100,2211100,Material Tècnic,4000,-4000,0,
,,5900,34100,2260200,Publicitat i propaganda,2500,0,2500,
,,5900,34100,2269921,Actes i activitats esportives,22000,25284,47284,
,,5900,34100,2270600,Estudis i treballs tècnics promoció,4863.29,-3923.29,940,
,,5900,34100,2279915,Activitats esportives Gent Gran,32626.07,0,32626.07,
,,5900,34100,4890700,Programes esportius,74000,0,74000,
,,5900,34100,4890801,Conveni Consell Esportiu. Barcelonès Nord,24000,0,24000,
,,5900,34100,4890802,Associació Natació Gramenet - Ús piscina,12000,12000,24000,
,,5900,34100,4890803,Unió Colomenca d'Atletisme - Organització Cross A. Amorós,12000,-10000,2000,
,,5900,34100,4890804,Club Patí Gramenet - Festival Patinatge,4200,-683,3517,
,,5900,34100,4890805,Futbol Sala La Unión - 24 hs Futbol Sala,4000,-3328.1,671.9,
,,5900,34100,4890807,Associació Esportiva Serra de Marina - Act. Esportives,2200,0,2200,
,,5900,34100,4890808,Futbol Sala Garcia - Promoció Futbol Sala,70000,0,70000,
,,5900,34100,4890809,AEE Verge de les Neus -Ús Pav. B. Nord,21000,-21000,0,
,,5900,34100,4890810,Futbol Sala Manenet Rambla - Ús Pav. Nord,21000,-21000,0,
,,5900,34100,4890811,Futbol Sala Ràpid Santa Coloma - Torneig FS,4500,0,4500,
,,5900,34100,4890812,Club Ciclista Colomenc - Cursa Veterans Festa Major,2000,0,2000,
,,5900,34100,4890820,Associació Espanyola Contra el Càncer - Cursa per la vida,3500,-3500,0,
,,5900,34201,1300100,Hores extraordinàries,0,0,0,
,,5900,34201,1430000,Despeses per substitucions,0,0,0,
,,5900,34201,4890819,Institut Can Peixauet - Pistes esportives,4000,1400,5400,
,,5900,34201,6230000,"Maquinària, instal·lacions tècniques i utillatge",0,6000,6000,
,,5900,34201,6250100,Mobiliari,0,1000,1000,
,,5900,34201,6320000,Edificis instal·lacions esportives: inversió reposició,50000,-36000,14000,
,,5900,34201,7700000,Subvenció obres millora Complex Esportiu Can Zam,0,99036,99036,
,,5900,34201,1300000,Retribucions bàsiques personal laboral instal·lacions,214646.97,-77434.77,137212.2,
,,5900,34201,1300200,Altres remuneracions personal laboral instal·lacions,26850.12,-15599.64,11250.48,
,,5900,34201,1310000,Retribucions personal laboral eventual instal·lacions,24606.19,-24606.19,0,
,,5900,34201,1500001,Productivitat instal·lacions,12384.95,-12384.95,0,
,,5900,34201,1600000,Seguretat social instal·lacions,92154.92,-41466.72,50688.2,
,,5900,34201,2120100,Manteniment d'instal·lacions esportives,220126.67,-210000,10126.67,
,,5900,34201,2211100,Material tècnic,6000,5000,11000,
,,5900,34201,2219900,Altres Subministraments,3422.17,0,3422.17,
,,5900,34201,2270600,Estudis i treballs tècnics instal·lacions,48825.6,-48825.6,0,
,,5900,34201,2279919,Serveis de consergeria,258000,39300,297300,
,,5900,34201,4890813,Club Deportivo Arrabal Calaf de Gramenet - Can Zam I,40300,0,40300,
,,5900,34201,4890814,CF Singuerlín - Can Zam II,39300,-39300,0,
,,5900,34201,4890815,Fundación Deportiva Grama - Gestió Nou Camp Municipal,65000,0,65000,
,,5900,34201,4890817,Ampa Lluís Millet - Pistes Nou Oliveres,5200,0,5200,
,,5900,34201,4890818,Institut Numància - Pistes esportives,5400,-1400,4000,
,,5900,34201,4890821,Centre Esportiu Raval,100000,0,100000,
,,5900,34201,4890822,Fundación Deportiva Grama - Camp Oliveres,33000,0,33000,
,,5900,34201,4890823,Club Esportiu Lluita Braços,500,-500,0,
,,6000,92022,1100000,Retribucions Bàsiques Eventual Gabinets,16277.46,0,16277.46,
,,6000,92022,1100100,Retribucions Complementàries Eventual Ga,47158.38,0,47158.38,
,,6000,92022,1600000,Seguretat Social,13551.24,0,13551.24,
,,6000,92023,1200300,Retribució sou base funcionari C1,11790.82,0,11790.82,
,,6000,92023,1200600,Triennis,637.8,0,637.8,
,,6000,92023,1210000,Complement Destí  funcionaris,3696.72,0,3696.72,
,,6000,92023,1210100,Complement específic funcionaris,6595.08,0,6595.08,
,,6000,92023,1600000,Seguretat Social,7062.36,0,7062.36,
,,6000,92400,2269900,Altres despeses,500,0,500,
,,6100,32000,1620900,Premis antiguitat,0,0,0,
,,6100,32000,1300000,Retribucions bàsiques personal laboral,64708.14,0,64708.14,
,,6100,32000,1300200,Altres retribucions personal laboral,15765.72,0,15765.72,
,,6100,32000,1600000,Seguretat Social,24743.4,0,24743.4,
,,6100,32000,2260300,Anuncis oficials,1000,0,1000,
,,6100,32000,2269900,Altres despeses,500,0,500,
,,6100,32602,4890100,Transferències Consell Comarcal. Transport escolar,37000,0,37000,
,,6100,32603,4890100,Convenis (educació i infància),8500,0,8500,
,,6100,92023,1610400,Indemnització al personal lab. per jubilacions anticipades.,0,0,0,
,,6100,92023,1300000,Retribucions bàsiques personal laboral,31005.85,0,31005.85,
,,6100,92023,1600000,Seguretat Social,9658.44,0,9658.44,
,,6110,32001,2279909,Altres treballs realitzats per empreses i profesionals,0,0,0,
,,6110,32001,2269900,Altres despeses,13000,0,13000,
,,6110,32604,1200100,Sous del grup A2,0,0,0,
,,6110,32604,1200600,Triennis,0,0,0,
,,6110,32604,1210000,Complement de destí,0,0,0,
,,6110,32604,1210100,Complement específic,0,0,0,
,,6110,32604,1430000,Despeses per substitucions,0,0,0,
,,6110,32604,1620900,Premis antiguitat,0,0,0,
,,6110,32604,1300000,Retribucions bàsiques personal laboral,31400.22,0,31400.22,
,,6110,32604,1300200,Altres retribucions personal laboral,2395.08,0,2395.08,
,,6110,32604,1600000,Seguretat Social,11052.72,0,11052.72,
,,6110,32604,4890600,Transferència a les famílies per l'adquisició de llibres,765780,0,765780,
,,6110,32605,4890601,Transferència a les famílies per l'adquisició d'ordinadors,167000,27245,194245,
,,6120,32607,2230000,Transports,0,0,0,
,,6120,32607,2240000,Assegurances,0,0,0,
,,6120,32607,2279909,Altres treballs realitzats per empreses i profesionals,0,7420.27,7420.27,
,,6120,32607,2279910,Contractes activitats artístiques,0,0,0,
,,6120,32607,1200100,Retribució sou base funcionari A2,15729.94,0,15729.94,
,,6120,32607,1200600,Triennis,2974.2,0,2974.2,
,,6120,32607,1210000,Complement Destí  funcionaris,4784.88,0,4784.88,
,,6120,32607,1210100,Complement específic funcionaris,8956.68,0,8956.68,
,,6120,32607,1300000,Retribucions bàsiques personal laboral,21848.4,0,21848.4,
,,6120,32607,1300200,Altres retribucions personal laboral,654.48,0,654.48,
,,6120,32607,1600000,Seguretat Social,17467.08,0,17467.08,
,,6120,32607,2269900,Altres despeses,37000,2079.02,39079.02,
,,6120,32608,1300000,Retribucions bàsiques personal laboral,65833.94,0,65833.94,
,,6120,32608,1300200,Altres retribucions personal laboral,1569.72,0,1569.72,
,,6120,32608,1310000,Retribucions personal Laboral eventual,30808.02,0,30808.02,
,,6120,32608,1600000,Seguretat Social,31059.11,0,31059.11,
,,6120,32608,2279909,Contractes desenvolupament serveis (pla educatiu entorn),23400,2141.24,25541.24,
,,6130,32301,4890100,Altres transferències,0,0,0,
,,6130,32301,1300000,Retribucions bàsiques personal laboral,39871.94,0,39871.94,
,,6130,32301,1300200,Altres retribucions personal laboral,1979.52,0,1979.52,
,,6130,32301,1430000,Despeses per substitució,30862.42,0,30862.42,
,,6130,32301,1600000,Seguretat Social,22941.36,0,22941.36,
,,6130,32301,2279909,Contractes desenvolupament serveis,2000000,-105845,1894155,
,,6140,32302,1300100,Hores extraordinàries,0,0,0,
,,6140,32302,1610400,Indemnització al personal lab. per jubilacions anticipades.,0,0,0,
,,6140,32302,1620900,Premis antiguitat,0,0,0,
,,6140,32302,1200300,Retribució sou base funcionari C1,12499.52,0,12499.52,
,,6140,32302,1200400,Retribució sou base funcionari C2,62527.02,0,62527.02,
,,6140,32302,1200600,Triennis,6678.64,0,6678.64,
,,6140,32302,1210000,Complement Destí  funcionaris,22608.96,0,22608.96,
,,6140,32302,1210100,Complement específic funcionaris,56400.96,0,56400.96,
,,6140,32302,1300000,Retribucions bàsiques personal laboral,548069.6,0,548069.6,
,,6140,32302,1300200,Altres retribucions personal laboral,15380.04,0,15380.04,
,,6140,32302,1430000,Despeses per substitució,106633.65,0,106633.65,
,,6140,32302,1600000,Seguretat Social,261507.5,0,261507.5,
,,6140,32302,2120100,Manteniment d'edificis-educació,40000,59000,99000,
,,6140,32302,4890100,Altres transferències,9000,-9000,0,
,,6140,33701,2120100,Manteniment d'edificis-centres cívics,34000,-34000,0,
,,6212,33701,1300100,Hores extraordinàries,0,0,0,
,,7000,15100,1620900,Premis antiguitat,0,0,0,
,,7000,15100,2200200,Material informàtic no inventariable,0,0,0,
,,7000,15100,2270600,Estudis i treballs tècnics,0,11501.12,11501.12,
,,7000,15100,1100000,Retribucions Bàsiques Eventual Gabinets,40325.04,0,40325.04,
,,7000,15100,1100100,Retribucions Complementàries Eventual Ga,130365,0,130365,
,,7000,15100,1200300,Retribució sou base funcionari C1,12311.54,0,12311.54,
,,7000,15100,1200600,Triennis,2896.08,0,2896.08,
,,7000,15100,1210000,Complement Destí  funcionaris,3696.72,0,3696.72,
,,7000,15100,1210100,Complement específic funcionaris,7603.56,0,7603.56,
,,7000,15100,1600000,Seguretat Social,48540.48,0,48540.48,
,,7000,15100,2200100,"Premsa, revistes, llibres i altres publicacions",2700,0,2700,
,,7000,15100,2219909,Material tècnic,1500,0,1500,
,,7000,15100,2240000,Assegurances,23000,0,23000,
,,7000,15100,2260300,Anuncis oficials,3000,0,3000,
,,7000,15100,2269900,Altres despeses,2500,0,2500,
,,7000,15310,4650000,Consell Comarcal-Rondes,25000,0,25000,
,,7010,15001,1620900,Premis antiguitat,0,0,0,
,,7010,15001,1200000,Retribució sou base funcionari A1,56872.8,0,56872.8,
,,7010,15001,1200100,Retribució sou base funcionari A2,31827.74,0,31827.74,
,,7010,15001,1200300,Retribució sou base funcionari C1,108620.26,0,108620.26,
,,7010,15001,1200600,Triennis,20529.46,0,20529.46,
,,7010,15001,1210000,Complement Destí  funcionaris,69306.96,0,69306.96,
,,7010,15001,1210100,Complement específic funcionaris,135521.76,0,135521.76,
,,7010,15001,1300000,Retribucions bàsiques personal laboral,82570.84,0,82570.84,
,,7010,15001,1300200,Altres retribucions personal laboral,10738.68,0,10738.68,
,,7010,15001,1430000,Despeses per substitució,21990.8,0,21990.8,
,,7010,15001,1600000,Seguretat Social,148090.28,0,148090.28,
,,7100,17000,1510000,Gratificacions treballs extraordinaris,0,0,0,
,,7100,17000,1610400,Indemnització al personal lab. per jubilacions anticipades.,0,0,0,
,,7100,17000,1200000,Retribució sou base funcionari A1,37272.66,0,37272.66,
,,7100,17000,1200100,Retribució sou base funcionari A2,17090.16,0,17090.16,
,,7100,17000,1200400,Retribució sou base funcionari C2,10605.78,0,10605.78,
,,7100,17000,1200600,Triennis,11139.6,0,11139.6,
,,7100,17000,1210000,Complement Destí  funcionaris,21689.88,0,21689.88,
,,7100,17000,1210100,Complement específic funcionaris,43822.2,0,43822.2,
,,7100,17000,1210300,Altres complements funcionaris,9250.68,0,9250.68,
,,7100,17000,1300000,Retribucions bàsiques personal laboral,38139.68,0,38139.68,
,,7100,17000,1300200,Altres retribucions personal laboral,15865.44,0,15865.44,
,,7100,17000,1600000,Seguretat Social,51337.08,0,51337.08,
,,7100,17000,2269900,Altres despeses,425,0,425,
,,7110,31103,2279900,Altres treballs realitzats altres empreses i professionals,0,0,0,
,,7110,31103,2269900,Altres despeses,12000,11997,23997,
,,7110,31103,2270600,Estudis i treballs tècnics,66000,0,66000,
,,7110,31103,4650000,Consell Comarcal. Centre d'acolliment d'animals,77200,0,77200,
,,7120,17200,2130100,Manteniment instal·lacions,0,0,0,
,,7120,17200,2250000,Tributs estatals,0,0,0,
,,7120,17200,2269900,Altres despeses diverses,0,0,0,
,,7120,17200,2270600,Estudis i treballs tècnics,52719.05,-10889.63,41829.42,
,,7120,17200,4890100,Altres transferències,1500,0,1500,
,,7130,17220,2270600,Estudis i treballs tècnics,7650,0,7650,
,,7140,13600,2279900,Altres treballs realitzats altres empreses i professionals,0,13096,13096,
,,7140,13600,2270600,Estudis i treballs tècnics,25000,-1000,24000,
,,7140,17230,2219900,Altres Subministraments,0,0,0,
,,7140,17230,4660000,Transferències a altres entitats que agrupen municipis,0,1200,1200,
,,7140,17230,4800000,transferències a famílies e institucions sense ànims de lucr,0,0,0,
,,7140,17230,4890902,Altres transferències quota associació,0,1000,1000,
,,7140,17230,2270600,Estudis i treballs tècnics,41000,127,41127,
,,7150,16221,2270100,Seguretat,0,0,0,
,,7150,16221,2270000,Neteja,75000,47239.89,122239.89,
,,7150,16221,2270600,Estudis i treballs tècnics,37471,0,37471,
,,7200,43200,2269900,Altres despeses diverses,0,0,0,
,,7200,43300,2269900,Altres despeses diverses,0,0,0,
,,7300,15000,1620900,Premis antiguitat,0,0,0,
,,7300,15000,1200000,Retribució sou base funcionari A1,36051.4,0,36051.4,
,,7300,15000,1200300,Retribució sou base funcionari C1,11721.94,0,11721.94,
,,7300,15000,1200600,Triennis,4345.5,0,4345.5,
,,7300,15000,1210000,Complement Destí  funcionaris,16055.28,0,16055.28,
,,7300,15000,1210100,Complement específic funcionaris,29664,0,29664,
,,7300,15000,1300000,Retribucions bàsiques personal laboral,90779.98,0,90779.98,
,,7300,15000,1300200,Altres retribucions personal laboral,21966.84,0,21966.84,
,,7300,15000,1600000,Seguretat Social,60149.46,0,60149.46,
,,7300,15000,2269900,Altres despeses,5000,0,5000,
,,7300,15120,2260300,Publicació en diaris oficials,0,0,0,
,,7300,15120,6000100,Expropiacions,1343764.22,453717.07,1797481.29,
,,7300,15210,4490300,Transferències a Gramepark aportació OLH,0,109291.73,109291.73,
,,7400,13300,6090001,Altres inv. noves en infraestruc i bens destinats ús gral,0,10905.7,10905.7,
,,7400,13300,6090002,Altres inv. noves en infraestruc i bens destinats ús gral,0,1295.76,1295.76,
,,7400,13300,6090010,Altres inv. noves en infraestruc i bens destinats ús gral,0,95000,95000,
,,7400,15002,1620900,Premis antiguitat,0,0,0,
,,7400,15002,1200000,Retribució sou base funcionari A1,36727.04,0,36727.04,
,,7400,15002,1200100,Retribució sou base funcionari A2,33455.3,0,33455.3,
,,7400,15002,1200300,Retribució sou base funcionari C1,12635.28,0,12635.28,
,,7400,15002,1200600,Triennis,13099.44,0,13099.44,
,,7400,15002,1210000,Complement Destí  funcionaris,29401.44,0,29401.44,
,,7400,15002,1210100,Complement específic funcionaris,63650.28,0,63650.28,
,,7400,15002,1300000,Retribucions bàsiques personal laboral,37686.5,0,37686.5,
,,7400,15002,1300200,Altres retribucions personal laboral,16971.72,0,16971.72,
,,7400,15002,1600000,Seguretat Social,67733.4,0,67733.4,
,,7400,15100,2100100,Manteniment de la via pública,0,0,0,
,,7400,15100,4800001,Beques subjectes a retenció d'IRPF no incloses en la BDNS,0,7038.72,7038.72,
,,7400,15100,2270600,Estudis i treballs tècnics,18000,71731.56,89731.56,
,,7400,15100,4670300,Transferència Consorci Besós,50000,0,50000,
,,7400,15120,6320100,"Edificis i altres construccions, inversió de reposició",22000,33738,55738,
,,7400,15220,2120200,"Reparacions, manteniment i conservació d'edificis i altres",0,2026844.02,2026844.02,
,,7400,15220,7800000,Subvencions a famílies i institucions sense ànim lucre,0,653896.03,653896.03,
,,7500,13200,6320100,"Edificis i altres construccions, inversió de reposició",0,0,0,
,,7500,15003,1200000,Retribució sou base funcionari A1,38743.74,0,38743.74,
,,7500,15003,1200100,Retribució sou base funcionari A2,16452.28,0,16452.28,
,,7500,15003,1200300,Retribució sou base funcionari C1,23666.12,0,23666.12,
,,7500,15003,1200600,Triennis,8830.22,0,8830.22,
,,7500,15003,1210000,Complement Destí  funcionaris,27260.04,0,27260.04,
,,7500,15003,1210100,Complement específic funcionaris,63660.6,0,63660.6,
,,7500,15003,1300000,Retribucions bàsiques personal laboral,31461.34,0,31461.34,
,,7500,15003,1300200,Altres retribucions personal laboral,772.08,0,772.08,
,,7500,15003,1430000,Despeses per substitució,55207.98,0,55207.98,
,,7500,15003,1600000,Seguretat Social,71791.33,0,71791.33,
,,7500,15100,6190001,Altres inv de reposicio en infrastr i bens dest us gral,0,1454202.2,1454202.2,
,,7500,15120,6190001,Altres inv de reposicio en infrastr i bens dest us gral,0,23981.32,23981.32,
,,7500,15120,6190002,Altres inv de reposicio en infrastr i bens dest us gral,0,176992.55,176992.55,
,,7500,15120,6220100,"Edificis i construccions, inversió nova",0,924072.45,924072.45,
,,7500,15300,6190001,Altres inv de reposicio en infrastr i bens dest us gral,0,0,0,
,,7500,15300,7640000,A ÀREES METROPOLITANES.,0,49613.15,49613.15,
,,7500,16000,6190002,Altres inv de reposicio en infrastr i bens dest us gral,0,16302.9,16302.9,
,,7500,17100,6090001,Altres inv. noves en infraestruc i bens destinats ús gral,0,766185.3,766185.3,
,,7500,17100,6190001,Altres inv de reposicio en infrastr i bens dest us gral,0,0,0,
,,7500,17100,6190002,Altres inv de reposicio en infrastr i bens dest us gral,0,339779.19,339779.19,
,,7500,17100,7640000,A ÀREES METROPOLITANES.,0,301046.81,301046.81,
,,7500,24100,6320100,"Edificis i altres construccions, inversió de reposició",0,1500000,1500000,
,,7500,32300,6320000,EDIFICIS I ALTRES CONSTRUCCIONS,0,172762.61,172762.61,
,,7500,33211,6320100,"Edificis i altres construccions, inversió de reposició",0,9859.07,9859.07,
,,7500,33301,6220100,"Edificis i construccions, inversió nova",0,289000,289000,
,,7500,34200,6220100,"Edificis i construccions, inversió nova",0,16374.37,16374.37,
,,7500,34201,2270600,Estudis i treballs tècnics,0,18997,18997,
,,7500,34201,6320100,"Edificis i altres construccions, inversió de reposició",0,84081.33,84081.33,
,,7500,34201,6190001,Altres inv de reposicio en infrastr i bens dest us gral,0,0,0,
,,7500,34202,6320100,"Edificis i altres construccions, inversió de reposició",0,0,0,
,,7500,34203,6220100,"Edificis i construccions, inversió nova",0,1415.7,1415.7,
,,7500,34203,6320100,"Edificis i altres construccions, inversió de reposició",0,93000,93000,
,,7500,43120,7640000,A ÀREES METROPOLITANES.,0,39011.78,39011.78,
,,7500,92000,6320100,"Edificis i altres construccions, inversió de reposició",0,263204.85,263204.85,
,,7600,92014,1510000,Gratificacions treballs extraordinaris,0,0,0,
,,7600,92024,1300100,Hores extraordinàries,0,0,0,
,,7600,92024,1510000,Gratificacions treballs extraordinaris,0,0,0,
,,7600,92024,1620900,Premis antiguitat,0,0,0,
,,7600,92024,1200100,Retribució sou base funcionari A2,18528.6,0,18528.6,
,,7600,92024,1200300,Retribució sou base funcionari C1,25064.48,0,25064.48,
,,7600,92024,1200400,Retribució sou base funcionari C2,10794.8,0,10794.8,
,,7600,92024,1200600,Trienis,9848.52,0,9848.52,
,,7600,92024,1210000,Complement Destí funcionaris,18053.52,0,18053.52,
,,7600,92024,1210100,Complement específic funcionaris,51865.08,0,51865.08,
,,7600,92024,1300000,Retribucions bàsiques personal laboral,165814.53,0,165814.53,
,,7600,92024,1300200,Altres retribucions personal laboral,40467.24,0,40467.24,
,,7600,92024,1430000,Despeses per substitució,24913.74,0,24913.74,
,,7600,92024,1600000,Seguretat Social,111622.05,0,111622.05,
,,7610,16211,2270000,Neteja,360000,0,360000,
,,7610,16212,2270000,Neteja,685000,0,685000,
,,7610,16300,2130000,"Maquinària, instal·lacions tècniques i utillatge",0,2766.47,2766.47,
,,7610,16300,2269900,Altres despeses,20000,275,20275,
,,7610,16300,2270000,Neteja i recollida escombraries,7167000,70597.01,7237597.01,
,,7610,16301,2270000,Neteja,45000,0,45000,
,,7610,16302,2279911,Neteja i accessos mecànics,26220.5,28704.68,54925.18,
,,7630,32300,2270000,Neteja,1846000,0,1846000,
,,7630,33000,2270000,Neteja,420000,-46990.01,373009.99,
,,7630,34000,2270000,Neteja,224000,-9240,214760,
,,7630,43120,2270000,Neteja,90000,-10693,79307,
,,7630,92000,2270000,Neteja,435000,-3674,431326,
,,7660,43120,1300100,Hores extraordinàries,0,0,0,
,,7660,43120,1510000,Gratificacions treballs extraordinaris,0,10153.63,10153.63,
,,7660,43120,6230100,"Maquinària, instal.lacions tècniques i utillatge",0,6989.19,6989.19,
,,7660,43120,6320100,"Edificis i altres construccions, inversió de reposició",0,33000,33000,
,,7660,43120,7640000,A l Àrea Metropolitana,0,0,0,
,,7660,43120,1200300,Retribució sou base funcionari C1,13772.58,0,13772.58,
,,7660,43120,1200400,Retribució sou base funcionari C2,21157.82,0,21157.82
,,7660,43120,1200600,Triennis,4429.8,0,4429.8
,,7660,43120,1210000,Complement Destí  funcionaris,12483.36,0,12483.36
,,7660,43120,1210100,Complement específic funcionaris,31651.68,0,31651.68
,,7660,43120,1300000,Retribucions bàsiques personal laboral,114507.67,0,114507.67
,,7660,43120,1300200,Altres retribucions personal laboral,6709.92,0,6709.92
,,7660,43120,1430000,Despeses per substitució,22714.46,0,22714.46
,,7660,43120,1600000,Seguretat Social,78724.71,55668.16,134392.87
,,7660,43120,2120100,Manteniment d'edificis,80000,20000,100000
,,7660,43120,2269900,Altres despeses,20000,-4559.71,15440.29
,,7700,15110,1610400,Indemnització al personal lab. per jubilacions anticipades.,0,0,0
,,7700,15110,1620900,Premis antiguitat,0,0,0
,,7700,15110,1200000,Retribució sou base funcionari A1,75638.06,0,75638.06
,,7700,15110,1200100,Retribució sou base funcionari A2,65666.19,0,65666.19
,,7700,15110,1200300,Retribució sou base funcionari C1,85572.5,0,85572.5
,,7700,15110,1200400,Retribució sou base funcionari C2,10326.92,0,10326.92
,,7700,15110,1200600,Triennis,32191.75,0,32191.75
,,7700,15110,1210000,Complement Destí  funcionaris,81017.16,0,81017.16
,,7700,15110,1210100,Complement específic funcionaris,177397.68,0,177397.68
,,7700,15110,1300000,Retribucions bàsiques personal laboral,50235.62,0,50235.62
,,7700,15110,1300200,Altres retribucions personal laboral,6142.08,0,6142.08
,,7700,15110,1430000,Despeses per substitució,22861.1,0,22861.1
,,7700,15110,1600000,Seguretat Social,170636.33,0,170636.33
,,7700,15110,2100300,Execució d'obres subsidiàries (disciplina urbanística),39200,0,39200
,,7700,15110,2269900,Altres despeses,2000,0,2000
,,7700,15110,2270600,Estudis i treballs tècnics,1000,0,1000
,,7800,15300,2130000,"Maquinària, instal·lacions tècniques i utillatge",0,0,0
,,7800,15300,1200100,Retribució sou base funcionari A2,18396.02,0,18396.02
,,7800,15300,1200600,Triennis,2107.08,0,2107.08
,,7800,15300,1210000,Complement Destí  funcionaris,7508.04,0,7508.04
,,7800,15300,1210100,Complement específic funcionaris,23118.36,0,23118.36
,,7800,15300,1600000,Seguretat Social,11123.52,0,11123.52
,,7800,15300,2100100,Manteniment via pública,25913.97,0,25913.97
,,7800,15300,2101100,Desperfectes,11345.22,0,11345.22
,,7800,15300,2140100,Manteniment i neteja de vehicles,40087.33,0,40087.33
,,7800,15300,2219900,Altres subministraments,4338.07,0,4338.07
,,7800,15300,2270600,Estudis i treballs tècnics,1000,0,1000
,,7800,16000,2100200,Conexió clavegueram,8539.32,0,8539.32
,,7810,15300,1300100,Hores extraordinàries,0,0,0
,,7810,15300,6190001,Altres inv de reposicio en infrastr i bens dest us gral,0,238523.75,238523.75
,,7810,15300,6240100,Elements de transport,0,80000,80000
,,7810,15300,1200100,Retribució sou base funcionari A2,16375.47,0,16375.47
,,7810,15300,1200300,Retribució sou base funcionari C1,27568.39,0,27568.39
,,7810,15300,1200600,Triennis,7605.48,0,7605.48
,,7810,15300,1210000,Complement Destí  funcionaris,16055.28,0,16055.28
,,7810,15300,1210100,Complement específic funcionaris,42969.72,0,42969.72
,,7810,15300,1300000,Retribucions bàsiques personal laboral,30629.57,0,30629.57
,,7810,15300,1300200,Altres retribucions personal laboral,2940.96,0,2940.96
,,7810,15300,1430000,Despeses per substitució,34738.21,0,34738.21
,,7810,15300,1600000,Seguretat Social,56077.68,0,56077.68
,,7810,15300,2100100,Manteniment via pública,347000,-17000,330000
,,7810,15300,2100300,Execució d'obres subsidiàries (guals),12000,0,12000
,,7810,15320,2100011,Manteniment espai públic,0,75000,75000
,,7810,15320,6190001,Altres inv de reposicio en infrastr i bens dest us gral,0,0,0
,,7810,15320,2100700,Manteniment pavimentació,550000,-92000,458000
,,7810,15330,2101700,Manteniment escales mecàniques,425492.52,77727.37,503219.89
,,7810,17100,6190001,Altres inv de reposicio en infrastr i bens dest us gral,0,402.18,402.18
,,7810,24100,2101600,Plans d'ocupació,105000,60000,165000
,,7820,13300,1310000,Retribucions personal Laboral eventual,36527.6,0,36527.6
,,7820,13300,1600000,Seguretat Social,11286.6,0,11286.6
,,7820,13300,2100500,Manteniment via pública i edificis,20000,0,20000
,,7820,13300,2100600,Manteniment semàfors,70000,0,70000
,,7830,16500,6190001,Altres inv de reposicio en infrastr i bens dest us gral,0,899001.64,899001.64
,,7830,16500,1200100,Retribució sou base funcionari A2,18052.22,0,18052.22
,,7830,16500,1200600,Triennis,5899.8,0,5899.8
,,7830,16500,1210000,Complement Destí  funcionaris,6622.44,0,6622.44
,,7830,16500,1210100,Complement específic funcionaris,19175.88,0,19175.88
,,7830,16500,1600000,Seguretat Social,14180.88,0,14180.88
,,7830,16500,2100800,Manteniment enllumenat,443000,61248.04,504248.04
,,7830,16500,2130400,Escomeses i legalitat,24566.84,17000,41566.84
,,7830,16500,2219909,Material tècnic,17179.41,0,17179.41
,,7830,16501,6190002,Altres inv de reposicio en infrastr i bens dest us gral,0,38888.88,38888.88
,,7840,92000,1300100,Hores extraordinàries,0,0,0
,,7840,92000,1200400,Retribució sou base funcionari C2,10379.2,0,10379.2
,,7840,92000,1200600,Triennis,650.88,0,650.88
,,7840,92000,1210000,Complement Destí  funcionaris,3152.04,0,3152.04
,,7840,92000,1210100,Complement específic funcionaris,7704.48,0,7704.48
,,7840,92000,1300000,Retribucions bàsiques personal laboral,95295.41,0,95295.41
,,7840,92000,1300200,Altres retribucions personal laboral,19577.4,0,19577.4
,,7840,92000,1310000,Retribucions personal Laboral eventual,90642.88,0,90642.88
,,7840,92000,1430000,Despeses per substitució,65019.2,0,65019.2
,,7840,92000,1600000,Seguretat Social,101908.02,0,101908.02
,,7850,17100,6190001,Altres inv de reposicio en infrastr i bens dest us gral,0,92000,92000
,,7850,17100,6350000,Inversió de reposició mobiliari,0,27777.67,27777.67
,,7850,17100,1200100,Retribució sou base funcionari A2,33265.19,0,33265.19
,,7850,17100,1200600,Triennis,4003.5,0,4003.5
,,7850,17100,1210000,Complement Destí  funcionaris,12801.72,0,12801.72
,,7850,17100,1210100,Complement específic funcionaris,27443.52,0,27443.52
,,7850,17100,1600000,Seguretat Social,21614.52,0,21614.52
,,7850,17100,2100900,Manteniment jardins i mobiliari urbà,60000,-23963.82,36036.18
,,7850,17100,2270000,Neteja,1706000,-3813.85,1702186.15
,,7851,16000,6190002,Altres inv de reposicio en infrastr i bens dest us gral,0,247434.58,247434.58
,,7851,16000,2270000,Neteja,220000,0,220000
,,7900,32300,2120100,Manteniment d'edificis,377566.11,8967.67,386533.78
,,7900,32302,6320100,"Edificis i altres construccions, inversió de reposició",0,29518.22,29518.22
,,7900,34000,2140100,Reparació vehicle,0,5000,5000
,,7900,34000,2240000,Assegurances,0,1444,1444
,,7900,34100,2211100,Material tècnic,0,4000,4000
,,7900,34201,2120100,Manteniment d'instal.lacions esportives,0,195000,195000
,,7900,34201,2270600,Estudis i treballs tècnics instal.lacions,0,48825.6,48825.6
,,7900,34201,2279909,Contractes desenvolupament serveis instal.lacions deportives,0,25000,25000
,,7900,34201,6320000,Edificis instal.lacions esportives: inversió reposició,0,50000,50000
,,7900,92000,1310000,Retribucions personal laboral eventual,0,24886.6,24886.6
,,7900,92000,1620900,Premis antiguitat,0,0,0
,,7900,92000,6320100,"Edificis i altres construccions, inversió de reposició",0,4347.12,4347.12
,,7900,92000,1200000,Retribució sou base funcionari A1,18443.24,0,18443.24
,,7900,92000,1200100,Retribució sou base funcionari A2,32648.52,0,32648.52
,,7900,92000,1200600,Triennis,3116.52,0,3116.52
,,7900,92000,1210000,Complement Destí  funcionaris,18537.84,0,18537.84
,,7900,92000,1210100,Complement específic funcionaris,40443.96,0,40443.96
,,7900,92000,1300000,Retribucions bàsiques personal laboral,58156.9,78999.39,137156.29
,,7900,92000,1300200,Altres retribucions personal laboral,20775.84,17640.54,38416.38
,,7900,92000,1430000,Despeses per substitució,35991.26,0,35991.26
,,7900,92000,1600000,Seguretat Social,64744.57,41014.8,105759.37
,,7900,92000,2120100,Manteniment d'edificis,200000,0,200000
,,7900,92000,2130100,Manteniment instal.lacions,542433.89,0,542433.89
,,7900,92000,2270600,Estudis i treballs tècnics,22463.81,0,22463.81
,,7900,93301,6320100,"Edificis i altres construccions, inversió de reposició",0,187108.29,187108.29
,,7900,93302,6320100,"Edificis i altres construccions, inversió de reposició",0,123076.07,123076.07
,,7910,16500,2210000,Energia elèctrica,302000,397885.12,699885.12
,,7910,16501,2210000,Energia elèctrica,36000,609.91,36609.91
,,7910,16502,2210000,Energia elèctrica,84000,2626.24,86626.24
,,7910,17100,2210101,Aigua fonts públiques,140000,25663.83,165663.83
,,7910,32300,2210000,Energia elèctrica,363000,206181.25,569181.25
,,7910,32300,2210100,Aigua,132000,9088.84,141088.84
,,7910,32300,2210200,Gas,183000,9266.58,192266.58
,,7910,33000,2210000,Energia elèctrica,320000,34196.57,354196.57
,,7910,33000,2210100,Aigua,52000,3158.77,55158.77
,,7910,33000,2210200,Gas,35000,0,35000
,,7910,34000,2210000,Energia elèctrica,30000,0,30000
,,7910,34000,2210100,Aigua,1000,0,1000
,,7910,34000,2210200,Gas,30000,265.3,30265.3
,,7910,34200,2210000,Energia elèctrica,0,17730.11,17730.11
,,7910,34201,2210000,Energia elèctrica,150000,0,150000
,,7910,34201,2210100,Aigua,76861.75,0,76861.75
,,7910,34201,2210200,Gas,33000,0,33000
,,7910,43120,3520000,Interessos de demora,0,394.21,394.21
,,7910,43120,2210000,Energia elèctrica,180000,0,180000
,,7910,43120,2210100,Aigua,35000,0,35000
,,7910,43120,2210200,Gas,25000,-394.21,24605.79
,,7910,92000,2210000,Energia elèctrica,325000,8751.44,333751.44
,,7910,92000,2210100,Aigua,65000,0,65000
,,7910,92000,2210200,Gas,60000,0,60000
,,8100,92011,1610400,Indemnització al personal lab. per jubilacions anticipades.,0,0,0
,,8100,92011,1620900,Premis antiguitat,0,0,0
,,8100,92011,2269900,Altres despeses diverses,0,5000,5000
,,8100,92011,1200000,Retribució sou base funcionari A1,24832.1,0,24832.1
,,8100,92011,1200300,Retribució sou base funcionari C1,52051.52,0,52051.52
,,8100,92011,1200600,Triennis,13798.87,0,13798.87
,,8100,92011,1210000,Complement Destí  funcionaris,30098.88,0,30098.88
,,8100,92011,1210100,Complement específic funcionaris,91725.96,0,91725.96
,,8100,92011,1600000,Seguretat Social,46103.91,21911.94,68015.85
,,8100,92011,2200100,"Premsa, revistes, llibres i altres publicacions",5500,0,5500
,,8100,92011,2260400,Despeses jurídiques,8000,0,8000
,,8110,92012,1210300,Altres Complements,0,0,0
,,8110,92012,1430000,Despeses per substitucions,0,0,0
,,8110,92012,1620900,Premis antiguitat,0,0,0
,,8110,92012,1200000,Retribució sou base funcionari A1,145577.08,0,145577.08
,,8110,92012,1200300,Retribució sou base funcionari C1,12575.7,0,12575.7
,,8110,92012,1200600,Triennis,16513.82,0,16513.82
,,8110,92012,1210000,Complement Destí funcionaris,59900.04,0,59900.04
,,8110,92012,1210100,Complement específic funcionaris,106027.2,0,106027.2
,,8110,92012,1300000,Retribució bàsiques personal laboral,25582.5,0,25582.5
,,8110,92012,1300200,Altre retribucions personal laboral,2351.04,0,2351.04
,,8110,92012,1600000,Seguretat Social,96875.2,0,96875.2
,,8110,92012,2100300,Execució d'obres subsidiàries,18000,0,18000
,,8110,92012,2200100,"Premsa, revistes, llibres i altres publicacions",3400,0,3400
,,8110,92012,2260400,Despeses jurídiques,45000,-5000,40000
,,8110,92012,2269900,Altres despeses,2000,0,2000
,,8200,93102,1200000,Retribució sou base funcionari A1,24858.67,0,24858.67
,,8200,93102,1200300,Retribució sou base funcionari C1,12290.1,0,12290.1
,,8200,93102,1200400,Retribució sou base funcionari C2,10768.76,0,10768.76
,,8200,93102,1200600,Triennis,8317.8,0,8317.8
,,8200,93102,1210000,Complement Destí  funcionaris,19678.2,0,19678.2
,,8200,93102,1210100,Complement específic funcionaris,59832.96,0,59832.96
,,8200,93102,1210300,Altres complements funcionaris,2436.12,0,2436.12
,,8200,93102,1600000,Seguretat Social,23977.2,0,23977.2
,,8200,93102,2269900,Altres despeses,1000,0,1000
,,8200,93102,2270600,Estudis i treballs tècnics,74000,0,74000
,,8210,93103,1210300,Altres Complements,0,0,0
,,8210,93103,1200000,Retribució sou base funcionari A1,17375.22,0,17375.22
,,8210,93103,1200100,Retribució sou base funcionari A2,18431.14,0,18431.14
,,8210,93103,1200300,Retrubució sou base funcionari C1,12120.1,0,12120.1
,,8210,93103,1200600,Triennis,5290.08,0,5290.08
,,8210,93103,1210000,Complement Destí funcionaris,18472.2,0,18472.2
,,8210,93103,1210100,Complement específic funcionaris,38678.88,0,38678.88
,,8210,93103,1600000,Seguretat Social,27830.52,0,27830.52
,,8220,93102,1620900,Premis antiguitat,0,0,0
,,8220,93102,1200000,Retribució sou base funcionari A1,17375.22,0,17375.22
,,8220,93102,1200600,Triennis,516.96,0,516.96
,,8220,93102,1210000,Complement Destí funcionaris,6179.28,0,6179.28
,,8220,93102,1210100,Complement específic funcionaris,8808.72,0,8808.72
,,8220,93102,1300000,Retribucions bàsiques personal laboral,64516.22,0,64516.22
,,8220,93102,1300200,Altre retribucions personal laboral,18216.48,0,18216.48
,,8220,93102,1600000,Seguretat Social,30650.52,0,30650.52
,,8300,92502,1620900,Premis antiguitat,0,0,0
,,8300,92502,1200300,Retribució sou base funcionari C1,12324.06,0,12324.06
,,8300,92502,1200600,Triennis,2997.96,0,2997.96
,,8300,92502,1210000,Complement Destí  funcionaris,3696.72,0,3696.72
,,8300,92502,1210100,Complement específic funcionaris,6595.08,0,6595.08
,,8300,92502,1210300,Altres complements funcionaris,1023,0,1023
,,8300,92502,1300000,Retribucions bàsiques personal laboral,35022.92,0,35022.92
,,8300,92502,1300200,Altres retribucions personal laboral,1333.2,0,1333.2
,,8300,92502,1600000,Seguretat Social,18232.8,0,18232.8
,,8300,92502,2269900,Altres despeses,1785,0,1785
,,8300,92502,4890100,Altres transferències,850,0,850
,,8400,01101,3100100,Interessos préstec llarg termini,1370465.93,-585437.18,785028.75
,,8400,01101,3100200,Interessos préstec curt termini,175000,-173000,2000
,,8400,01101,3530000,Altres despeses financeres (swap BBVA),615088.6,0,615088.6
,,8400,01101,9110100,Amortització préstecs llarg termini. Sector públic,241495.2,164538.85,406034.05
,,8400,01101,9130100,Amortització préstecs llarg termini. Sector privat,6687238.88,2000,6689238.88
,,8400,15000,4490101,"Transferències a Gramepark, SA per operacions financeres",100000,0,100000
,,8400,24100,4490101,"Transferències a Grameimpuls,SA per operacions financeres",100000,0,100000
,,8400,93400,1210300,Altres Complements,0,0,0
,,8400,93400,1300100,Hores extraordinàries,0,0,0
,,8400,93400,1510000,Gratificacions treballs extraordinaris,0,0,0
,,8400,93400,6410000,Despeses aplicacions informàtiques,0,16457,16457
,,8400,93400,1200000,Retribucions sou base funcionari A1,22096.38,0,22096.38
,,8400,93400,1200100,Retribucions sou base funcionari A2,15509.98,0,15509.98
,,8400,93400,1200300,Retribucions sou base funcionari C1,24336.2,0,24336.2
,,8400,93400,1200600,Trienis,7702.56,0,7702.56
,,8400,93400,1210000,Complement desti funcionaris,25007.76,0,25007.76
,,8400,93400,1210100,Complement específic funcionaris,53432.28,0,53432.28
,,8400,93400,1300000,Retribucions bàsiques personal laboral,24685.12,0,24685.12
,,8400,93400,1600000,Seguretat Social,41270.4,0,41270.4
,,8400,93400,2269900,Altres despeses,6000,0,6000
,,8400,93400,2279909,Contractes desenvolupament serveis,7000,0,7000
,,8400,93400,2279916,Contractes i Manteniment Programes Informàtics,25000,-16457,8543
,,8400,93400,3110100,Despeses de formalització operacions de crèdit,50000,-30000,20000
,,8400,93400,3190000,Altres despeses financeres,2000,0,2000
,,8400,93400,3520000,Interessos de demora,19000,0,19000
,,8410,93201,1620900,Premis antiguitat,0,0,0
,,8410,93201,1200300,Retribucions sou base funcionari C1,75826.32,0,75826.32
,,8410,93201,1200600,Trienis,13918.32,0,13918.32
,,8410,93201,1210000,Complement destí funcionaris,26295.48,0,26295.48
,,8410,93201,1210100,Complement específic funcionaris,56250.48,0,56250.48
,,8410,93201,1210300,Altres complements funcionaris,205.56,0,205.56
,,8410,93201,1600000,Seguretat social,43339.98,0,43339.98
,,8410,93201,2269900,Altres despeses,3000,0,3000
,,8410,93201,2270800,Despeses per la gestió de l'ORGT (executiva),650000,0,650000
,,8410,93201,2279909,Contractes desenvolupament serveis,5000,0,5000
,,8410,93201,2279917,Despeses per la gestió de l'ORGT (multes),150000,160000,310000
,,8410,93201,2279918,Despeses per la gestió de l'ORGT (voluntària IVTM),75000,0,75000
#,,,,,,92668881.94,24189895.47,116858777.41
