#,Àlies,Org.,Pro.,Eco.,Descripció,Crèdits inicials,Modificacions de crèdit,Obligacions reconegudes,Disponible de Remanentes por aplicación
,,1001,91201,1000000,Retribucions  Bàsiques Càrrecs Electes,736670.06,0,146216.61,0
,,1001,91201,1600000,Seguretat Social,192638.4,0,29892.3,0
,,1100,15120,2260217,Gestió i publicitat Programes subvencionats,88000,11971.21,0,721.21
,,1100,49100,2260300,Anuncis oficials,1200,0,0,0
,,1100,49100,2269900,Altres despeses,5500,0,0,0
,,1100,49100,2270600,Estudis i treballs tècnics,29000,0,4635.63,0
,,1100,49100,4890901,Quota CCMEUR,500,0,0,0
,,1100,92001,1100000,Retribucions Bàsiques Eventual Gabinets,54347.6,0,13576.32,0
,,1100,92001,1100100,Retribucions Complementàries Eventual Ga,187695.92,0,39101.67,0
,,1100,92001,1200100,Retribució sou base funcionari A2,16931.04,0,2934.78,0
,,1100,92001,1200600,Triennis,2348.04,0,587.01,0
,,1100,92001,1210000,Complement Destí  funcionaris,6241.08,0,1560.27,0
,,1100,92001,1210100,Complement específic funcionaris,14579.76,0,3644.94,0
,,1100,92001,1300000,Retribucions bàsiques personal laboral,34827.28,0,6963.48,0
,,1100,92001,1300200,Altres retribucions personal laboral,17258.52,0,4218.75,0
,,1100,92001,1600000,Seguretat Social,80912.76,0,13671.55,0
,,1100,92200,4660100,Transferència a la Federació de Municipis de Catalunya,20000,0,0,0
,,1110,91202,1100000,Retribucions Bàsiques Eventual Gabinets,18502.2,0,4444.98,0
,,1110,91202,1100100,Retribucions Complementàries Eventual Ga,46423.68,0,9675.39,0
,,1110,91202,1600000,Seguretat Social,14359.56,0,2393.26,0
,,1110,91204,4890500,Transferències als grups municipals,77700,0,19424.98,0
,,1120,49101,4670200,Transferències a Localret,15000,0,13758.85,0
,,1120,92003,1200400,Retribució sou base funcionari C2,10466.58,0,1833.93,0
,,1120,92003,1200600,Triennis,1096.2,0,274.05,0
,,1120,92003,1210000,Complement Destí  funcionaris,3183.72,0,795.93,0
,,1120,92003,1210100,Complement específic funcionaris,7247.28,0,1811.82,0
,,1120,92003,1300000,Retribucions bàsiques personal laboral,174377.07,0,37755.12,0
,,1120,92003,1300100,Hores extraordinàries,0,0,0,0
,,1120,92003,1300200,Altres retribucions personal laboral,55483.2,0,11977.56,0
,,1120,92003,1310000,Retribucions personal Laboral eventual,63394.47,0,13619.4,0
,,1120,92003,1430000,Despeses per substitucions,0,0,0,0
,,1120,92003,1510000,Gratificacions treballs extraordinaris,0,0,0,0
,,1120,92003,1600000,Seguretat Social,99030.98,0,14867.04,0
,,1120,92003,1620900,Altres despeses socials (premis antiguitat),0,0,338.72,0
,,1120,92003,2130100,Manteniment instal.lacions,2000,0,0,0
,,1120,92003,2200000,Material d'oficina,20000,0,1725.82,0
,,1120,92003,2200100,"Premsa, revistes, llibres i altres publicacions",33500,0,6489.83,0
,,1120,92003,2200200,Material informàtic,5000,-205.7,0,0
,,1120,92003,2260200,Publicitat i propaganda,102500,0,11653.9,0
,,1120,92003,2260300,Anuncis oficials,1000,0,0,0
,,1120,92003,2269900,Altres despeses,6000,0,0,0
,,1120,92003,2270600,Estudis i treballs tècnics,20000,0,1512.5,0
,,1120,92003,6400000,Despeses en inversions de caràcter immaterial,0,205.7,205.7,0
,,1200,91203,1200300,Retribució sou base funcionari C1,79119.65,0,16197.36,0
,,1200,91203,1200600,Triennis,11216.61,0,2751.21,0
,,1200,91203,1210000,Complement Destí  funcionaris,24910.68,0,5605.35,0
,,1200,91203,1210100,Complement específic funcionaris,73617.72,0,16284.69,0
,,1200,91203,1210300,Altres complements funcionaris,2822.16,0,705.54,0
,,1200,91203,1300000,Retribucions bàsiques personal laboral,68723.31,0,14138.22,0
,,1200,91203,1300200,Altres retribucions personal laboral,24763.44,0,6190.86,0
,,1200,91203,1510000,Gratificacions treballs extraordinaris,0,0,0,0
,,1200,91203,1600000,Seguretat Social,76430.95,0,11794.83,0
,,1200,91203,1620900,Altres despeses socials (premis antiguitat),0,0,0,0
,,1200,91203,2230000,Transports,400,0,6.85,0
,,1200,91203,2260100,Atencions protocolàries,7200,0,170,0
,,1200,91203,2260900,Actes i exposicions,20000,0,0,0
,,1200,91203,2269900,Altres despeses,19800,0,1974.84,0
,,1200,91203,2269999,Subvenció en espècie,0,0,0,0
,,1200,92400,4890300,Transferències entitats,15000,0,0,0
,,1210,91203,1100000,Retribucions Bàsiques Eventual Gabinets,35326.97,0,8508.08,0
,,1210,91203,1100100,Retribucions Complementàries Eventual Ga,61713.99,0,11606.27,0
,,1210,91203,1200000,Retribució sou base funcionari A1,22684.72,0,0,0
,,1210,91203,1200300,Retribució sou base funcionari C1,50711.06,0,11671.21,0
,,1210,91203,1200400,Retribució sou base funcionari C2,12285.64,0,1833.93,0
,,1210,91203,1200600,Triennis,11200.26,0,1874.83,0
,,1210,91203,1210000,Complement Destí  funcionaris,18119.4,0,3866.04,0
,,1210,91203,1210100,Complement específic funcionaris,42847.2,0,9040.46,0
,,1210,91203,1210300,Altres complements funcionaris,16317.72,0,3824.79,0
,,1210,91203,1300000,Retribucions bàsiques personal laboral,165966.4,0,34979.33,0
,,1210,91203,1300200,Altres retribucions personal laboral,19200.48,0,4686.95,0
,,1210,91203,1430000,Despeses per substitucions,0,0,3312.19,0
,,1210,91203,1510000,Gratificacions treballs extraordinaris,0,0,0,0
,,1210,91203,1600000,Seguretat Social,137726.31,0,21754.88,0
,,1210,91203,1620900,Altres despeses socials (premis antiguitat),0,0,0,0
,,1500,32609,2269900,Altres despeses-Ciutat Universitària,15000,0,6045,0
,,1500,33701,2219900,Altres Subministraments,0,22000,0,0
,,1500,33701,2279900,Altres treballs realitzats altres empreses i professionals,0,45800,0,0
,,1500,33701,6250000,Mobiliari,0,18200,0,0
,,1500,33701,6260000,Equips procesos informació,0,14000,0,0
,,1500,92300,2269900,Altres despeses-transparència,20000,0,753.4,0
,,1500,92400,1300000,Retribucions bàsiques personal laboral,31467.22,0,6749.79,0
,,1500,92400,1300200,Altres retribucions personal laboral,3794.16,0,948.54,0
,,1500,92400,1600000,Seguretat social,11124.84,0,1854.14,0
,,1500,92400,4890100,Altres transferències (beques estudis PAM),14000,0,1050,0
,,1500,92402,2260900,Actes i exposicions,8000,0,0,0
,,1500,92402,2270600,Estudis i treballs tècnics,6000,0,0,0
,,1500,92403,1300000,Retribucions bàsiques personal laboral,32169.24,0,7782.06,0
,,1500,92403,1300200,Altres retribucions personal laboral,3794.16,0,0,0
,,1500,92403,1600000,Seguretat social,11339.72,0,0,0
,,1500,92403,2269914,Dinamització processos,130000,0,29110.43,0
,,1500,92403,2269999,Despeses subvencions EN ESPÈCIE,0,0,0,0
,,1500,92404,2269900,Altres despeses-procès participatiu PAM,26000,0,0,0
,,1500,92405,2269900,Altres despeses-regidories de districtes,10000,0,13830.54,0
,,1600,23109,1300000,Retribucions bàsiques personal laboral,65065.64,0,13957.29,0
,,1600,23109,1300200,Altres retribucions personal laboral,7811.04,0,1952.76,0
,,1600,23109,1600000,Seguretat social,22749.84,0,3791.64,0
,,1600,23109,2030000,"Arrendament de maquinària, instal·lacions i utillatge",0,0,0,0
,,1600,23109,2200100,"Premsa, revistes, llibres i altres publicacions",3000,0,0,0
,,1600,23109,2230000,Transports,0,0,0,0
,,1600,23109,2260900,Actes i exposicions,30000,0,0,0
,,1600,23109,2269900,Programa joves i cooperació i altres despeses,38000,-13560.36,880,0
,,1600,23109,2270600,Estudis i treballs tècnics,17000,0,0,0
,,1600,23109,2279909,Contractes desenvolupament serveis,0,0,5979.53,0
,,1600,23109,2279910,Contractes activitats artístiques i culturals,0,0,253,0
,,1600,23109,2312000,Despeses de locomoció del personal no directiu,0,0,0,0
,,1600,23109,4890100,"Altres transferències, ajuts i emergències",239800,0,8632.15,0
,,1600,23109,6090000,Altres inv en infraestructures i béns destinats a l'ús gener,0,13560.36,0,0
,,1900,92025,1200000,Retribucions bàsiques funcionari A1,18744.83,0,3394.08,0
,,1900,92025,1200600,Trienis,2132.48,0,522.24,0
,,1900,92025,1210000,Complement destí funcionaris,6688.8,0,1672.2,0
,,1900,92025,1210100,Complement específic funcionaris,14494.8,0,3623.7,0
,,1900,92025,1300000,Retribucions bàsiques personal laboral,75963.54,0,15846.63,0
,,1900,92025,1300200,Altres retribucions personal laboral,17292.96,0,4323.24,0
,,1900,92025,1600000,Seguretat social,39498.1,0,6644,0
,,1900,92025,1620900,Altres despeses socials (premis antiguitat),0,0,0,0
,,1900,92025,2269900,Altres despeses (web municipal),26000,0,4130.13,0
,,2000,15000,4490300,"Transferències a Gramepark, SA",1505000,0,466562.28,0
,,2000,15000,7490000,Transferències de capital,3119622.72,0,304312.5,0
,,2000,23119,4890600,Transferències a les famílies-Majors 65 anys,25000,0,0,0
,,2000,23120,4890600,Transferències a les famílies-Monoparentals,25000,0,0,0
,,2000,23122,4890600,Transferències a les famílies-Aturats,250000,0,0,0
,,2000,24100,4400200,Fons Pla d'ocupació,800000,0,0,0
,,2000,24100,4490100,"Transferències a Grameimpuls, SA",1470000,0,0,0
,,2000,24100,4490101,"Transferències a Grameimpuls, SA (cofinançament AMB, etc)",500000,0,0,0
,,2000,24101,4490100,Transferències a GrameImpuls foment de l'ocupació local,0,8009234.02,2635485.03,7379298.55
,,2000,24101,7490002,Transferències a Grameimpuls SA,0,500000,0,500000
,,2000,32606,4110200,Transferència Patronat Municipal de la Música,430831.1,0,215415.55,0
,,2000,32609,2279913,"Convenis (UNED, Torribera)",288000,0,50025.86,0
,,2000,43300,4790000,ALTRES SUBVENCIONS A EMPRESES PRIVADES.,0,298714.9,0,298714.9
,,2000,92901,5000000,Fons contingència LOEPSF 2/2012,500000,0,0,0
,,2000,93100,2200100,"Premsa, revistes i llibres",2000,0,507.52,0
,,2000,93100,2260300,Anuncis oficials,500,0,0,0
,,2000,93100,2269900,Altres despeses,20000,-962.17,869.97,0
,,2000,93100,2270600,Estudis i treballs tècnics,2000,0,0,0
,,2000,93100,4890100,Altres transferències,27000,0,0,0
,,2000,93101,1100000,Retribucions Bàsiques Eventual Gabinets,16879.34,0,4135.56,0
,,2000,93101,1100100,Retribucions Complementàries Eventual Ga,50423.68,0,10532.52,0
,,2000,93101,1600000,Seguretat Social,14359.56,0,2393.26,0
,,2000,94301,4640100,Transferències a AMB PAMMU,1329116.32,0,1329116.32,0
,,2000,94301,4640200,Transferències a AMB  PMTE,3119000,0,746734.92,0
,,2010,93101,1200000,Sou base funcionari A1,0,0,0,0
,,2010,93101,1200300,Retribució sou base funcionari C1,25393.3,0,4407.06,0
,,2010,93101,1200600,Triennis,5096.85,0,1240.65,0
,,2010,93101,1210000,Complement Destí  funcionaris,9665.52,0,2416.38,0
,,2010,93101,1210100,Complement específic funcionaris,16986.12,0,4246.53,0
,,2010,93101,1300000,Retribucions bàsiques personal laboral,25699.28,0,5559.51,0
,,2010,93101,1600000,Seguretat Social,22351.88,0,3719.86,0
,,2010,93101,1620900,Altres despeses socials (premis antiguitat),0,0,0,0
,,2100,43200,1300000,Retribucions bàsiques personal laboral,26475.78,0,5233.98,0
,,2100,43200,1300200,Altres retribucions personal laboral,13679.52,0,3419.88,0
,,2100,43200,1600000,Seguretat social,12720.84,0,2120.14,0
,,2100,43200,2240000,Assengurances,0,0,0,0
,,2100,43200,2260200,Publicitat i propaganda,0,0,0,0
,,2100,43200,2269900,Altres despeses,85000,0,20753.37,0
,,2200,43000,1200000,Retribucions sou base A1,19942.96,0,3394.08,0
,,2200,43000,1200100,Retribucions sou base A2,15582.66,0,2934.78,0
,,2200,43000,1200300,Retribucions sou base C1,12805.58,0,0,0
,,2200,43000,1200600,Trienis,8922.84,0,1423.26,0
,,2200,43000,1210000,Complement destí funcionaris,15255.48,0,2880.39,0
,,2200,43000,1210100,Complement específic funcionaris,38634.84,0,7218.09,0
,,2200,43000,1300000,Retribucions bàsiques personal laboral,60409.25,0,7693.86,0
,,2200,43000,1300200,Altres retribucions personal laboral,19245.36,0,1364.46,0
,,2200,43000,1600000,Seguretat social,51142.22,0,7321.64,0
,,2200,43000,1610400,Indemnització al personal lab. per jubilacions anticipades.,0,0,17174.13,0
,,2200,43130,2270100,Seguretat MVNS,75000,0,0,0
,,2200,43200,2269900,Altres despeses,80000,0,0,0
,,2200,43300,2260200,Publicitat i propaganda,0,0,0,0
,,2200,43300,2260300,Anuncis oficials,2000,0,0,0
,,2200,43300,2269900,Altres despeses,30000,658.42,18189.78,658.42
,,2200,43300,2279900,Altres treballs realitzats per empreses i professionals,100000,79866.62,38991.04,4866.62
,,2200,43300,4890100,Altres tranferències,80000,41050,178.13,41050
,,2200,43300,7700000,Subvencions a empreses privades,0,0,0,0
,,2300,93202,1200000,Retribució sou base funcionari A1,22038.4,0,3394.08,0
,,2300,93202,1200100,Retribució sou base funcionari A2,16461.72,0,2934.78,0
,,2300,93202,1200300,Retribució sou base funcionari C1,123814.03,0,21572.96,0
,,2300,93202,1200400,Retribució sou base funcionari C2,22254.59,0,3667.86,0
,,2300,93202,1200600,Triennis,25422.21,0,6013.98,0
,,2300,93202,1210000,Complement Destí  funcionaris,64740.72,0,16162.48,0
,,2300,93202,1210100,Complement específic funcionaris,140044.56,0,34806.38,0
,,2300,93202,1210300,Altres complements funcionaris,4580.28,0,1145.07,0
,,2300,93202,1300000,Retribucions bàsiques personal laboral,27118.66,0,6360,0
,,2300,93202,1300200,Altres retribucions personal laboral,10426.32,0,1737.72,0
,,2300,93202,1510000,Gratificacions treballs extraordinaris,0,0,1486.02,0
,,2300,93202,1600000,Seguretat Social,115814.03,0,20004.95,0
,,2300,93202,2260300,Anuncis oficials,1000,0,790.3,0
,,2300,93202,2269900,Altres despeses (Registre de la Propietat),4000,0,600,0
,,2400,23108,1200000,Retribució sou base funcionari A1,9717.46,0,4939.21,0
,,2400,23108,1200100,Retribució sou base funcionari A2,405650.5,0,93890.05,0
,,2400,23108,1200300,Retribucions sou base funcionari C1,0,0,13915.46,0
,,2400,23108,1200600,Triennis,25589.72,0,5393.32,0
,,2400,23108,1210000,Complement Destí  funcionaris,128772.36,0,36723.51,0
,,2400,23108,1210100,Complement específic funcionaris,239649.48,0,67387.38,0
,,2400,23108,1600000,Seguretat Social,252839.23,0,43240.29,0
,,2400,91201,2330001,Altres indemnitzacions per assistència a orgàns col·legiats,27000,0,4784.92,0
,,2400,92013,1500000,Complement productivitat,973452.95,0,1204225.06,0
,,2400,92013,1510000,Treballs extraordinaris,81947,0,0,0
,,2400,92013,1600000,Seguretat social,294975.96,0,0,0
,,2400,92013,1620000,Formació,63200,-5225,10260,0
,,2400,92013,1620400,Ajuts socials,46000,0,0,0
,,2400,92013,1620900,Premis antiguitat,35000,0,0,0
,,2400,92013,2260300,Anuncis oficials,4000,0,4528,0
,,2400,92013,2260600,"Reunions, conferències i cursos",0,5225,0,0
,,2400,92013,2269900,Altres despeses,2000,-900,113.74,0
,,2400,92013,2270600,Estudis i treballs tècnics,50000,0,0,0
,,2400,92013,2301000,Dietes serveis generals,12000,0,1598.59,0
,,2400,92013,2302000,Xecs menjador,40000,0,0,0
,,2400,92013,2302001,Dietes jornada partida,30000,0,5720.88,0
,,2400,92013,2311000,Locomoció serveis generals,9000,0,434.72,0
,,2400,92013,2330000,Altres indemnitzacions,3000,0,0,0
,,2400,92013,4890100,Altres transferències,3500,900,0,0
,,2400,92013,8310000,Préstecs al personal llarg termini,180000,0,20781.48,0
,,2401,13200,1200300,Retribucions sou base funcionaris C1,43316.16,0,0,0
,,2401,13200,1210000,Complement destí funcionaris,12025.08,0,0,0
,,2401,13200,1210100,Complement específic funcionaris,46036.44,0,0,0
,,2401,13200,1600000,Seguretat Social,30229.2,0,0,0
,,2401,15001,1200300,Retribucions sou base funcionari C1,23632.36,0,0,0
,,2401,15001,1200600,Trienis,1382.16,0,0,0
,,2401,15001,1210000,Complement desti funcionaris,7467.84,0,0,0
,,2401,15001,1210100,Complement específic funcionaris,13321.2,0,0,0
,,2401,15001,1600000,Seguretat Social,13929,0,0,0
,,2401,17000,1300000,Retribucions bàsiques personal laboral,73614.56,0,0,0
,,2401,17000,1300200,Altres retribucions personal laboral,32048.4,0,0,0
,,2401,17000,1600000,Seguretat Social,27818.88,0,0,0
,,2401,23105,1300000,Retribucions bàsiques personal laboral,112280.39,0,0,0
,,2401,23105,1300200,Altres retribucions personal laboral,8285.88,0,0,0
,,2401,23105,1600000,Seguretat Social,41896.56,0,0,0
,,2401,23113,1300000,Retribucions bàsiques personal laboral,27936.3,0,0,0
,,2401,23113,1300200,Altres retribucions personal laboral,8903.88,0,0,0
,,2401,23113,1600000,Seguretat social,11383.08,0,0,0
,,2401,32000,1300000,Retribucions bàsiques personal laboral,52588.28,0,0,0
,,2401,32000,1300200,Altres retribucions personal laboral,2260.2,0,0,0
,,2401,32000,1600000,Seguretat Social,18626.28,0,0,0
,,2401,33210,1300000,Retribucions bàsiques personal laboral,20448.72,0,0,0
,,2401,33210,1300200,ALtres retribucions personal laboral,1039.08,0,0,0
,,2401,33210,1600000,Seguretat Social,7083.12,0,0,0
,,2401,91203,1300000,Retribucions bàsiques Personal laboral,20716.68,0,0,0
,,2401,91203,1600000,Seguretat Social,8224.56,0,0,0
,,2401,92003,1300000,Retribucions bàsiques personal laboral,21813.56,0,0,0
,,2401,92003,1300200,Altres retribucions personal laboral,2844.12,0,0,0
,,2401,92003,1600000,Seguretat Social,9305.4,0,0,0
,,2401,92013,1200000,Retribució sou base funcionari A1,129502.62,0,0,0
,,2401,92013,1200100,Retribució sou base funcionari A2,211246.06,0,0,0
,,2401,92013,1200300,Retribució sou base funcionari C1,236998.03,0,0,0
,,2401,92013,1200400,Retribució sou base funcionari C2,10395.86,0,0,0
,,2401,92013,1210000,Complement Destí  funcionaris,200545.32,0,0,0
,,2401,92013,1210100,Complement específic funcionaris,473056.32,-400000,0,0
,,2401,92013,1300000,Retribucions bàsiques personal laboral,283613.9,0,0,0
,,2401,92013,1300200,Altres complements personal laboral,7936.32,0,0,0
,,2401,92013,1600000,Seguretat Social,471493.83,0,0,0
,,2401,92023,1200100,Retribucions sou base funcionaris A2,16265.88,0,0,0
,,2401,92023,1200600,Trienis,1150.2,0,0,0
,,2401,92023,1210000,Complement destí funcionaris,6241.08,0,0,0
,,2401,92023,1210100,Complement específic funcionaris,11426.76,0,0,0
,,2401,92023,1300000,Retribucions bàsiques personal laboral,42927.38,0,0,0
,,2401,92023,1600000,Seguretat Social,27874.41,0,0,0
,,2401,93101,1200000,Retribucions sou base funcionaris A1,54932.82,0,0,0
,,2401,93101,1210000,Complement destí funcionaris,20065.32,0,0,0
,,2401,93101,1210100,Complement específic funcionaris,40025.16,0,0,0
,,2401,93101,1600000,Seguretat Social,31380.84,0,0,0
,,2401,93400,1200000,Retribucions sou base funcionari A1,22317.6,0,0,0
,,2401,93400,1200600,Triennis,2933.4,0,0,0
,,2401,93400,1210000,Complement destí funcionaris,11858.76,0,0,0
,,2401,93400,1210100,Complement específic funcionaris,30322.44,0,0,0
,,2401,93400,1600000,Seguretat social,11343.6,0,0,0
,,2410,92013,1200000,Retribució sou base funcionari A1,20428.01,0,3268.99,0
,,2410,92013,1200300,Retribució sou base funcionari C1,11908.94,0,0,0
,,2410,92013,1200600,Triennis,4909.08,0,829.35,0
,,2410,92013,1210000,Complement Destí  funcionaris,11317.08,0,1570.85,0
,,2410,92013,1210100,Complement específic funcionaris,28892.64,0,4605.39,0
,,2410,92013,1300000,Retribucions bàsiques personal laboral,26025.2,0,5504.7,0
,,2410,92013,1300100,Hores extraordinàries,0,0,174.64,0
,,2410,92013,1300200,Altres retribucions personal laboral,3488.04,0,872.01,0
,,2410,92013,1310000,Retribucions personal Laboral eventual,10015.99,0,2164.45,0
,,2410,92013,1600000,Seguretat Social,32340.21,0,3923.12,0
,,2410,92013,1620900,Altres despeses socials (premis antiguitat),0,0,0,0
,,2420,92014,1200100,Retribució sou base funcionari A2,18548.84,0,2934.78,0
,,2420,92014,1200300,Retribució sou base funcionari C1,74195.95,0,12730.87,0
,,2420,92014,1200600,Triennis,11964.57,0,2887.77,0
,,2420,92014,1210000,Complement Destí  funcionaris,31635.36,0,7628.75,0
,,2420,92014,1210100,Complement específic funcionaris,72436.92,0,17609.64,0
,,2420,92014,1510000,Gratificacions treballs extraordinaris,0,0,160.57,0
,,2420,92014,1600000,Seguretat Social,53551.02,0,8800.1,0
,,2430,92013,1620000,Formació prevenció riscos laborals,40000,0,2779.6,0
,,2430,92013,2260600,"Reunions,conferencies i cursos",0,0,0,0
,,2430,92017,1200000,Retribució sou base funcionari A1,17495.52,0,3394.08,0
,,2430,92017,1200300,Retribucions sou base funcionari C1,0,0,0,0
,,2430,92017,1200600,TRIENNIS.,0,0,0,0
,,2430,92017,1210000,Complement Destí  funcionaris,6241.08,0,1560.27,0
,,2430,92017,1210100,Complement específic funcionaris,8896.56,0,2224.14,0
,,2430,92017,1300000,Retribucions bàsiques personal laboral,38340.3,0,7886.31,0
,,2430,92017,1300200,Altres retribucions personal laboral,16024.2,0,4006.05,0
,,2430,92017,1310000,Retribucions personal Laboral eventual,11688.76,0,2385.86,0
,,2430,92017,1430000,Despeses per substitució,65266.32,0,14356.98,0
,,2430,92017,1600000,Seguretat Social,47991.08,0,8116.4,0
,,2430,92017,1620900,ALTRES DESPESES SOCIALS.,0,0,0,0
,,2430,92017,2130100,Manteniment instal·lacions,0,0,0,0
,,2430,92017,2269900,Altres despeses,1000,0,0,0
,,2430,92017,2279909,Contractes desenvolupament serveis,90000,-972.84,1749.45,0
,,2430,92017,6230100,"Maquinària, instal.lacions tècniques i utillatge",0,972.84,0,0
,,2440,92015,1200000,Retribució sou base funcionari A1,18008.82,0,3394.08,0
,,2440,92015,1200300,Retribució sou base funcionari C1,24124.54,0,3783.45,0
,,2440,92015,1200600,Triennis,7004.07,0,1639.71,0
,,2440,92015,1210000,Complement Destí  funcionaris,13708.92,0,3163.08,0
,,2440,92015,1210100,Complement específic funcionaris,22217.76,0,5083.2,0
,,2440,92015,1300000,Retribucions bàsiques personal laboral,39492.18,0,8147.43,0
,,2440,92015,1300100,Hores extraordinàries,0,0,0,0
,,2440,92015,1300200,Altres retribucions personal laboral,16024.2,0,4006.05,0
,,2440,92015,1430000,Despeses per substitució,22947.86,0,4990.11,0
,,2440,92015,1600000,Seguretat Social,42412.74,0,6797.76,0
,,2500,92002,1200000,Retribució sou base funcionari A1,18355.68,0,3394.08,0
,,2500,92002,1200300,Retribució sou base funcionari C1,12354.48,0,2203.53,0
,,2500,92002,1200600,Triennis,3359.79,0,792.96,0
,,2500,92002,1210000,Complement Destí  funcionaris,11317.08,0,2829.27,0
,,2500,92002,1210100,Complement específic funcionaris,20048.04,0,5012.01,0
,,2500,92002,1310000,Retribucions personal Laboral eventual,43177.16,0,9481.17,0
,,2500,92002,1510000,Gratificacions treballs extraordinaris,0,0,187.84,0
,,2500,92002,1600000,Seguretat Social,31428.54,0,5229.06,0
,,2600,13000,2279916,Contractes manteniment programes informàtics,0,12500,0,0
,,2600,13000,6270000,Projectes complexos,0,107500,0,0
,,2600,13200,6270000,Projectes complexos.Sala 092 Policia Local,0,0,0,0
,,2600,92008,1200300,Retribució sou base funcionari C1,63207.48,0,9640.5,0
,,2600,92008,1200600,Triennis,10748.67,0,1998.57,0
,,2600,92008,1210000,Complement Destí  funcionaris,20868.48,0,4110.51,0
,,2600,92008,1210100,Complement específic funcionaris,41303.16,0,8088.46,0
,,2600,92008,1210300,Altres complements funcionaris,5031.84,0,0,0
,,2600,92008,1300000,Retribucions bàsiques personal laboral,155644.16,0,28981.46,0
,,2600,92008,1300100,Hores extraordinàries,0,0,760.28,0
,,2600,92008,1300200,Altres retribucions personal laboral,22314.84,0,5259.33,0
,,2600,92008,1310000,Retribucions personal Laboral eventual,43980.98,0,9375.63,0
,,2600,92008,1430000,Despeses per substitució,169677.73,0,36967.35,0
,,2600,92008,1510000,Gratificacions treballs extraordinaris,0,0,0,0
,,2600,92008,1600000,Seguretat Social,156908.6,0,25258.05,0
,,2600,92008,2160100,Manteniment d'equips d'informàtica,284000,0,44586.7,0
,,2600,92008,2200200,Manteniment llicències software,104170,0,18995.43,0
,,2600,92008,2270600,Estudis i treballs tècnics,180000,0,2696.49,0
,,2600,92008,2279916,Contractes manteniment de programes informàtics,160000,0,23485.35,0
,,2600,92008,6260100,Equips procès d'informació,170000,0,0,0
,,2600,92008,6410000,Aplicacions informàtiques,150000,0,0,0
,,2600,92010,2130100,Manteniment instal·lacions,0,0,0,0
,,2600,92010,2130200,Manteniment maquinària,16885,0,1910.29,0
,,2600,92010,2220000,Telèfons,360000,0,0,0
,,2600,92010,6230100,"Maquina, instal·lacions tècniques i utillatge",126000,0,0,0
,,2600,92310,2279916,Contractes manteniment de programes informàtics-Gestió padró,3670,0,0,0
,,2700,92004,1200300,Retribució sou base funcionari C1,37349.83,0,11280.19,0
,,2700,92004,1200400,Retribució sou base funcionari C2,10430.4,0,1833.93,0
,,2700,92004,1200600,Triennis,6961.53,0,1371.41,0
,,2700,92004,1210000,Complement Destí  funcionaris,16583.16,0,4145.79,0
,,2700,92004,1210100,Complement específic funcionaris,30894,0,7723.5,0
,,2700,92004,1300000,Retribucions bàsiques personal laboral,34641.1,0,6939.81,0
,,2700,92004,1300200,Altres retribucions personal laboral,17535.48,0,4383.87,0
,,2700,92004,1510000,Gratificacions serveis extraordinaris,0,0,194.04,0
,,2700,92004,1600000,Seguretat Social,40864.72,0,8247.48,0
,,2700,92004,1620900,ALTRES DESPESES SOCIALS.,0,0,0,0
,,2700,92004,2230000,Transports,0,0,0,0
,,2700,92004,2260200,Publicitat i propaganda,0,0,145.2,0
,,2700,92004,2269900,Altres despeses,3000,0,0,0
,,2700,92004,2270100,Seguretat,0,0,11492.96,0
,,2700,92004,2270600,Estudis i treballs tècnics,22000,0,0,0
,,2700,92401,1510100,Gratificacions pels serveis a les eleccions.,0,50193.85,50193.85,0
,,2700,92401,2269980,Processos electorals,70000,0,3747.59,0
,,2710,92007,1200400,Retribució sou base funcionari C2,10540.56,0,1961.83,0
,,2710,92007,1200600,Triennis,858.69,0,200.97,0
,,2710,92007,1210000,Complement Destí  funcionaris,3183.72,0,795.93,0
,,2710,92007,1210100,Complement específic funcionaris,7908.24,0,1977.06,0
,,2710,92007,1300000,Retribucions bàsiques personal laboral,219260.53,0,45136.59,0
,,2710,92007,1300100,Hores extraordinàries,0,0,60.36,0
,,2710,92007,1300200,Altres retribucions personal laboral,3946.8,0,745.18,0
,,2710,92007,1310000,Retribucions personal Laboral eventual,44341.3,0,9335.3,0
,,2710,92007,1430000,Despeses per substitució,42366.32,0,9241.65,0
,,2710,92007,1600000,Seguretat Social,99598.37,0,15524.86,0
,,2710,92007,2220100,Comunicacions postals,180000,0,18834.4,0
,,2710,92007,2269900,Altres despeses,28000,0,590.29,0
,,2720,92501,1200300,Retribució sou base funcionari C1,203912.7,0,40263.31,0
,,2720,92501,1200400,Retribució sou base funcionari C2,10540.56,0,1833.93,0
,,2720,92501,1200600,Triennis,29240.13,0,6672.33,0
,,2720,92501,1210000,Complement Destí  funcionaris,65983.32,0,16760.32,0
,,2720,92501,1210100,Complement específic funcionaris,174717.6,0,44398.26,0
,,2720,92501,1300000,Retribucions bàsiques personal laboral,101090.3,0,21200.62,0
,,2720,92501,1300100,Hores extraordinàries,0,0,0,0
,,2720,92501,1300200,Altres retribucions personal laboral,13952.16,0,3488.04,0
,,2720,92501,1310000,Retribucions personal Laboral eventual,7485.91,0,2002.53,0
,,2720,92501,1430000,Despeses per substitucions,0,0,0,0
,,2720,92501,1600000,Seguretat Social,162876.01,0,29315.72,0
,,2720,92501,1610400,Indemnització al personal lab. per jubilacions anticipades.,0,0,0,0
,,2720,92501,2269900,Altres despeses,5000,0,909.08,0
,,2800,92009,1200000,Retribució sou base funcionari A1,39398.76,0,6788.16,0
,,2800,92009,1200300,Retribució sou base funcionari C1,24920.5,0,4407.06,0
,,2800,92009,1200600,Triennis,16279.92,0,4016.28,0
,,2800,92009,1210000,Complement Destí funcionaris,23733,0,5933.25,0
,,2800,92009,1210100,Complement específic funcionaris,49708.2,0,12427.05,0
,,2800,92009,1310000,Retribucions personal laboral eventual,0,0,0,0
,,2800,92009,1600000,Seguretat Social,35721.62,0,5944.68,0
,,2800,92009,1620900,Altres despeses socials (premis antiguitat),0,0,0,0
,,2800,92009,2260300,Anuncis oficials,20000,0,2864.94,0
,,2900,23105,2020100,Lloguers,135000,7500,28226.98,0
,,2900,23105,2020999,Arrendaments d'edificis s/CONVENIS SUBV. EN ESPECIE,0,0,6505.2,0
,,2900,33701,2020100,Lloguers,75000,-7500,14762,0
,,2900,92000,2120200,Manteniment d'edificis -admon.gral,100000,0,9806.29,0
,,2900,92000,2120400,Conservació i reparacions d'edificis,20000,0,5723.3,0
,,2900,92000,2150000,"Reparacions, manteniment i conservació de mobiliari",0,0,0,0
,,2900,92000,2240000,Assegurances,321700,0,61599.41,0
,,2900,92000,6320000,Edificis i altres construccions,150000,-15000,0,0
,,2900,92005,2060000,Lloguer equips informàtics,37000,0,4005.4,0
,,2900,92005,2130100,Manteniment instal.lacions,80000,0,16334.56,0
,,2900,92005,2200000,Material d'oficina,60000,0,8509.13,0
,,2900,92005,2210300,Combustibles,63000,0,9141.38,0
,,2900,92005,2210400,Vestuari,165000,0,0,0
,,2900,92005,2211000,Material neteja,36000,0,9184.67,0
,,2900,92006,2269900,Altres despeses,2500,0,0,0
,,2900,92018,6250200,Equips multifunció,5000,0,0,0
,,2900,92020,1200000,Retribució sou base funcionari A1,38612.98,0,6788.16,0
,,2900,92020,1200300,Retribució sou base funcionari C1,26197.72,0,4407.06,0
,,2900,92020,1200600,Triennis,13036.28,0,3139.39,0
,,2900,92020,1210000,Complement Destí  funcionaris,22390.92,0,5597.73,0
,,2900,92020,1210100,Complement específic funcionaris,49734.24,0,12433.56,0
,,2900,92020,1210300,Altres complements funcionaris,6197.88,0,1549.47,0
,,2900,92020,1300000,Retribucions bàsiques personal laboral,25839.62,0,5504.7,0
,,2900,92020,1300200,Altres retribucions personal laboral,2374.56,0,593.64,0
,,2900,92020,1600000,Seguretat Social,48711.84,0,8102.52,0
,,2900,92020,1620900,Altres despeses socials (premis antiguitat),0,0,0,0
,,2900,92020,2269900,Altres despeses,1000,0,490.55,0
,,2900,92020,2270600,Estudis i treballs tècnics,10000,0,151.16,0
,,2900,92021,6250100,Mobiliari,45000,15000,4127.9,0
,,2900,92400,2020100,Lloguers,74000,0,14520,0
,,2900,92400,2020999,Arrendaments d'edificis s/CONVENIS SUBV. EN ESPECIE,0,0,5784.38,0
,,2910,92006,1200000,Retribució sou base funcionari A1,17629.77,0,3394.08,0
,,2910,92006,1200300,Retribució sou base funcionari C1,23995.99,0,4407.06,0
,,2910,92006,1200600,Triennis,3601.17,0,828.3,0
,,2910,92006,1210000,Complement Destí  funcionaris,13708.92,0,3427.23,0
,,2910,92006,1210100,Complement específic funcionaris,22217.76,0,5554.44,0
,,2910,92006,1510000,Gratificacions treballs extraordinaris,0,0,0,0
,,2910,92006,1600000,Seguretat Social,23581.87,0,3914.26,0
,,3000,13200,1200300,Retribució sou base funcionari C1,13441.15,0,2203.53,0
,,3000,13200,1200600,Triennis,2631.3,0,644.4,0
,,3000,13200,1210000,Complement Destí  funcionaris,3733.92,0,933.48,0
,,3000,13200,1210100,Complement específic funcionaris,14045.04,0,3511.26,0
,,3000,13200,1510000,Gratificacions treballs extraordinaris,0,0,661.62,0
,,3000,13200,1600000,Seguretat Social,8591.2,0,1487.99,0
,,3100,13200,1200000,Retribució sou base funcionari A1,22693.56,0,3394.08,0
,,3100,13200,1200300,Retribució sou base funcionari C1,218303.3,0,37630.48,0
,,3100,13200,1200600,Triennis,35013.42,0,8082.95,0
,,3100,13200,1210000,Complement Destí  funcionaris,77377.8,0,17236.96,0
,,3100,13200,1210100,Complement específic funcionaris,271996.56,0,61087.05,0
,,3100,13200,1300000,Retribucions bàsiques personal laboral,25748.1,0,5478.96,0
,,3100,13200,1300100,Hores extraordinàries,0,0,711.48,0
,,3100,13200,1300200,Altres retribucions personal laboral,937.32,0,234.33,0
,,3100,13200,1510000,Gratificacions treballs extraordinaris,0,0,6855.74,0
,,3100,13200,1600000,Seguretat Social,169585.04,0,25561.05,0
,,3100,13200,1610400,Indemnització al personal lab. per jubilacions anticipades.,0,0,0,0
,,3100,13200,1620900,Altres despeses socials (premis antiguitat),0,0,790.34,0
,,3100,13200,2130300,Manteniment i reparació d'equips,35000,0,0,0
,,3100,13200,2140100,Manteniment i neteja de vehicles,77000,0,0,0
,,3100,13200,2219900,Altres subministraments,4200,0,0,0
,,3100,13200,2220300,Comunicacions informàtiques,3500,0,0,0
,,3100,13200,2230000,Transports,500,0,0,0
,,3100,13200,2269900,Altres despeses,12500,0,0,0
,,3100,13200,2269901,Transferència Fòrum Europeu,4000,0,0,0
,,3100,13200,6230100,"Maquinària, instal.lacions tècniques i utillatge",0,33200,0,0
,,3100,13200,6240000,Elements de transport,60000,0,0,0
,,3100,13301,2279903,Arrossegament de vehicles,750000,0,0,0
,,3100,13500,2269911,Pla d'emergència,5200,0,0,0
,,3100,49102,2130100,Manteniment instal·lacions,0,0,0,0
,,3100,49102,2160200,Manteniment equips comunicació,0,0,0,0
,,3100,49102,6260000,Equips processos informació,0,0,0,0
,,3100,49102,6330000,"Maquinària, instal·lacions tècniques i utillatge",0,0,0,0
,,3200,13200,1200000,Retribució sou base funcionari A1,20722.2,0,3394.08,0
,,3200,13200,1200300,Retribució sou base funcionari C1,1382631.42,0,289239.67,0
,,3200,13200,1200400,Sous del Grup C2,0,0,3631.47,0
,,3200,13200,1200600,Triennis,167574.18,0,34879.19,0
,,3200,13200,1210000,COMPLEMENT DE DESTINACIÓ.,395340.24,0,90352.43,0
,,3200,13200,1210100,Complement específic funcionaris,1539338.16,0,335703.01,0
,,3200,13200,1210300,Altres complements funcionaris,3991.68,0,665.28,0
,,3200,13200,1510000,Gratificacions treballs extraordinaris,0,200000,100424.81,0
,,3200,13200,1600000,Seguretat Social,935032.42,35157.62,162169.2,0
,,3200,13200,1610400,Indemnització al personal lab. per jubilacions anticipades.,0,0,0,0
,,3200,13200,1620900,Altres despeses socials (premis antiguitat),0,0,0,0
,,3200,13500,1200300,Retribucions sou base C1,15206.43,0,2203.53,0
,,3200,13500,1200600,Trienis,1674.18,0,409.41,0
,,3200,13500,1210000,Complement destí funcionaris,4557.96,0,1139.49,0
,,3200,13500,1210100,Complement específic funcionaris,17712.84,0,4428.21,0
,,3200,13500,1510000,Gratificacions treballs extraordinaris,0,0,478.13,0
,,3200,13500,1600000,Seguretat social,10585.4,0,1787.6,0
,,5000,23100,1100000,Retribucions Bàsiques Eventual Gabinets,17498.08,0,4245.6,0
,,5000,23100,1100100,Retribucions Complementàries Eventual Ga,50423.68,0,10532.52,0
,,5000,23100,1300000,Retribucions bàsiques personal laboral,31867.66,0,6914.22,0
,,5000,23100,1300200,Altres retribucions personal laboral,1599.24,0,399.81,0
,,5000,23100,1310000,Retribucions personal Laboral eventual,6849.64,0,612.01,0
,,5000,23100,1600000,Seguretat Social,26817.24,0,4311.63,0
,,5000,23100,1610400,Indemnització al personal lab. per jubilacions anticipades.,0,0,2160.61,0
,,5000,23100,2260300,Anuncis oficials,500,0,0,0
,,5000,23100,2269900,Altres despeses,5000,-1550.5,2000,0
,,5000,32406,4670100,Transferències a l'Heura,155000,0,0,0
,,5000,92400,4890101,Conveni Foment Associacionisme Ciutadà-FAVGRAM,13000,0,0,0
,,5020,23104,1200100,SOUS DEL GRUP A2.,0,0,0,0
,,5020,23104,1200600,TRIENNIS.,0,0,0,0
,,5020,23104,1210000,COMPLEMENT DE DESTINACIÓ.,0,0,0,0
,,5020,23104,1210100,COMPLEMENT ESPECÍFIC.,0,0,0,0
,,5020,23104,1300000,Retribucions bàsiques personal laboral,153711.94,0,32855.69,0
,,5020,23104,1300200,Altres retribucions personal laboral,15688.68,0,3922.17,0
,,5020,23104,1600000,Seguretat Social,53896.56,0,8982.76,0
,,5021,23110,4640000,EMT. Targeta rosa de transport,49000,0,0,0
,,5021,92023,1300000,Retribucions bàsiques personal laboral,32500.24,0,6911.04,0
,,5021,92023,1300200,Altres retribucions personal laboral,3794.16,0,948.54,0
,,5021,92023,1600000,Seguretat Social,11208.42,0,1853.72,0
,,5022,23111,2230000,Transports,575000,0,77741.75,0
,,5022,23111,2269900,Altres despeses,4000,0,0,0
,,5022,23111,2279909,Contractes desenvolupament serveis,8000,0,0,0
,,5022,23111,4800200,Transferències Serveis Socials a Institucions,25000,0,0,0
,,5022,92023,1200300,Retribució sou base funcionari C1,11978.51,0,2203.53,0
,,5022,92023,1200600,Triennis,1020.3,0,241.65,0
,,5022,92023,1210000,Complement Destí  funcionaris,3733.92,0,933.48,0
,,5022,92023,1210100,Complement específic funcionaris,6660.6,0,1665.15,0
,,5022,92023,1600000,Seguretat Social,7177.1,0,1193.04,0
,,5023,23112,2269900,Altres despeses,6345,0,0,0
,,5023,23112,2279909,Contractes desenvolupament serveis,559000,0,86488.48,0
,,5024,23101,2269900,Altres despeses,3610,0,300,0
,,5024,23101,4790200,Subvenció dèficit explotació concessionari SAD,3480000,0,0,0
,,5024,23102,2279909,Contractes desenvolupament serveis,270000,320000,0,0
,,5024,92023,1200300,Retribució sou base funcionari C1,12203,0,2203.53,0
,,5024,92023,1200400,Retribució sou base funcionari C2,11014.43,0,1833.93,0
,,5024,92023,1200600,Triennis,5406.72,0,1279.71,0
,,5024,92023,1210000,Complement Destí  funcionaris,6917.64,0,1729.41,0
,,5024,92023,1210100,Complement específic funcionaris,15349.8,0,3837.45,0
,,5024,92023,1300100,Hores extraordinàries,0,0,0,0
,,5024,92023,1430000,Despeses per substitució,22579.28,0,4882.71,0
,,5024,92023,1600000,Seguretat Social,19635.32,0,3345.26,0
,,5024,92023,1610400,Indemnització al personal lab. per jubilacions anticipades.,0,0,0,0
,,5030,31100,1200300,Retribució sou base funcionari C1,11816.18,0,2203.53,0
,,5030,31100,1200400,Retribució sou base funcionari C2,10394.22,0,1833.93,0
,,5030,31100,1200600,Triennis,657.72,0,219.24,0
,,5030,31100,1210000,Complement Destí  funcionaris,6917.64,0,1729.41,0
,,5030,31100,1210100,Complement específic funcionaris,13907.88,0,3476.97,0
,,5030,31100,1300000,Retribucions bàsiques personal laboral,65336.34,0,13606.02,0
,,5030,31100,1300200,Altres retribucions personal laboral,19134.72,0,4783.68,0
,,5030,31100,1310000,Retribucions personal Laboral eventual,6003.94,0,1287.33,0
,,5030,31100,1510000,Gratificacions treballs extraordinaris,0,0,0,0
,,5030,31100,1600000,Seguretat Social,39384,0,6739.75,0
,,5030,31100,1610400,Indemnització al personal lab. per jubilacions anticipades.,0,0,0,0
,,5030,31100,1620900,Altres despeses socials (premis antiguitat),0,0,338.72,0
,,5030,31100,2219909,Material tècnic,2000,0,0,0
,,5030,31100,2269900,Altres despeses,5000,0,150,0
,,5030,31100,2270600,Estudis i treballs tècnics,7000,0,0,0
,,5030,31100,2279909,Contractes desenvolupament serveis,1000,0,0,0
,,5030,92023,1200300,Retribució sou base funcionari C1,23971.22,0,4407.06,0
,,5030,92023,1200600,Triennis,2173.56,0,543.39,0
,,5030,92023,1210000,Complement Destí  funcionaris,7467.84,0,1866.96,0
,,5030,92023,1210100,Complement específic funcionaris,13321.2,0,3330.3,0
,,5030,92023,1510000,Gratificacions treballs extraordinaris,0,0,0,0
,,5030,92023,1600000,Seguretat Social,13069.2,0,2264.16,0
,,5031,31101,2210600,Productes farmacèutics i sanitaris,2600,0,0,0
,,5031,31101,2269900,Altres despeses,4900,0,0,0
,,5031,31101,2270600,Estudis i treballs tècnics,18000,0,0,0
,,5031,31101,4890100,Altres transferències,0,0,0,0
,,5032,49301,1200300,Retribució sou base funcionari C1,12197.05,0,2203.53,0
,,5032,49301,1200600,Triennis,2311.17,0,571.08,0
,,5032,49301,1210000,Complement Destí  funcionaris,3733.92,0,933.48,0
,,5032,49301,1210100,Complement específic funcionaris,6660.6,0,1665.15,0
,,5032,49301,1600000,Seguretat Social,6270.66,0,1130,0
,,5032,49301,2270600,Estudis i treballs tècnics,21650,0,2912.2,0
,,5032,49302,2270600,Estudis i treballs tècnics,3460,0,0,0
,,5033,31102,1200300,Retribució sou base funcionari C1,12719.98,0,2203.53,0
,,5033,31102,1200600,Triennis,2483.52,0,567.18,0
,,5033,31102,1210000,Complement Destí  funcionaris,3733.92,0,933.48,0
,,5033,31102,1210100,Complement específic funcionaris,9762.48,0,2440.62,0
,,5033,31102,1300000,Retribucions bàsiques personal laboral,55477.16,0,10316.55,0
,,5033,31102,1300100,Hores extraordinàries,0,0,404.25,0
,,5033,31102,1300200,Altres retribucions personal laboral,4087.44,0,921.9,0
,,5033,31102,1510000,Gratificacions treballs extraordinaris,0,0,404.25,0
,,5033,31102,1600000,Seguretat Social,26214.96,0,4340.9,0
,,5033,31102,2269900,Altres despeses,8500,0,0,0
,,5033,31102,2279909,Contractes desenvolupament serveis,30960,0,0,0
,,5100,92023,1200000,Retribució sou base funcionari A1,37941.54,0,4568.96,0
,,5100,92023,1200300,Retribució sou base funcionari C1,37441.27,0,10700.94,0
,,5100,92023,1200600,Triennis,11758.77,0,2170.23,0
,,5100,92023,1210000,Complement Destí  funcionaris,26124.84,0,4877.83,0
,,5100,92023,1210100,Complement específic funcionaris,52386.12,0,10562.71,0
,,5100,92023,1300000,Retribucions bàsiques personal laboral,166545,0,35484.12,0
,,5100,92023,1300100,Hores extraordinàries,0,0,0,0
,,5100,92023,1300200,Altres retribucions personal laboral,20126.64,0,5031.66,0
,,5100,92023,1430000,Despeses per substitució,45895.72,0,13483.61,0
,,5100,92023,1600000,Seguretat Social,109730.59,0,16884.42,0
,,5100,92023,1610400,Indemnització al personal lab. per jubilacions anticipades.,0,0,0,0
,,5100,92023,1620900,Altres despeses socials (premis antiguitat),0,0,0,0
,,5112,23113,1200000,Retribució sou base funcionari A1,18122.36,0,3394.08,0
,,5112,23113,1200100,Retribució sou base funcionari A2,15582.66,0,2934.78,0
,,5112,23113,1200600,Triennis,4458.56,0,1049.36,0
,,5112,23113,1210000,Complement Destí  funcionaris,11521.56,0,2880.39,0
,,5112,23113,1210100,Complement específic funcionaris,18654.36,0,4663.59,0
,,5112,23113,1300000,Retribucions bàsiques personal laboral,22947.42,0,4853.04,0
,,5112,23113,1300200,Altres retribucions personal laboral,1441.92,0,360.48,0
,,5112,23113,1600000,Seguretat Social,26805.57,0,4464.3,0
,,5112,23113,2279909,Contractes desenvolupament serveis,30500,0,5301.15,0
,,5112,23117,1200100,Retribució sou base funcionari A2,18302.64,0,6393.64,0
,,5112,23117,1200600,Triennis,1277.28,0,271.41,0
,,5112,23117,1210000,Complement Destí  funcionaris,6040.95,0,1859.27,0
,,5112,23117,1210100,Complement específic funcionaris,9308.7,0,2865,0
,,5112,23117,1600000,Seguretat Social,10990.05,0,2664.7,0
,,5112,23117,2200000,"Material d'oficina, ordinari no inventariable",1000,0,0,0
,,5112,23117,2279909,Contractes desenvolupament serveis,200000,0,23738.87,0
,,5200,33000,1100000,Retribucions Bàsiques Eventual Gabinets,40728.96,0,10182.24,0
,,5200,33000,1100100,Retribucions Complementàries Eventual Ga,109271.04,0,22597.59,0
,,5200,33000,1200300,Retribució sou base funcionari C1,11968.31,0,2203.53,0
,,5200,33000,1200600,Triennis,944.19,0,215.91,0
,,5200,33000,1210000,Complement Destí  funcionaris,3733.92,0,933.48,0
,,5200,33000,1210100,Complement específic funcionaris,6660.6,0,1665.15,0
,,5200,33000,1600000,Seguretat Social,50216.72,0,8449.06,0
,,5200,33000,2020100,Arrendaments d'edificis i altres construccions,1000,0,0,0
,,5200,33000,2269900,Altres despeses,1000,0,0,0
,,5200,33000,2279909,Comunicació,6650,0,0,0
,,5200,92023,1200300,Retribució sou base funcionari C1,12166.82,0,2203.53,0
,,5200,92023,1200600,Triennis,2371.68,0,592.92,0
,,5200,92023,1210000,Complement Destí  funcionaris,3733.92,0,933.48,0
,,5200,92023,1210100,Complement específic funcionaris,6660.6,0,1665.15,0
,,5200,92023,1600000,Seguretat Social,6283.2,0,1047.2,0
,,5209,23107,2269900,Altres despeses,1500,0,0,0
,,5209,23107,2279909,Contractes desenvolupament serveis,86800,0,12659.96,0
,,5209,23107,4890902,"Altres transferències quota associació, convenis administrac",0,0,0,0
,,5210,33802,1310000,Retribucions personal Laboral eventual,40338.82,0,11461.67,0
,,5210,33802,1430000,Despeses per substitucions,0,0,0,0
,,5210,33802,1600000,Seguretat Social,12726.96,0,2754.88,0
,,5210,33802,2030000,"Arrendament de maquinària, instal·lacions i utillatge",0,0,0,0
,,5210,33802,2200100,"Premsa, revistes, llibres i altres publicacions",1000,0,0,0
,,5210,33802,2230000,Transports,1000,0,126.01,0
,,5210,33802,2269900,Altres despeses,9500,0,9080.25,0
,,5210,33802,2270100,Seguretat,0,0,0,0
,,5210,33802,2270600,Estudis i treballs tècnics,1000,0,0,0
,,5210,33802,2279909,Contractes desenvolupament serveis,365000,0,110822.78,0
,,5210,33802,2279910,Contractes activitats artístiques i culturals,415500,-3593.75,7136.39,0
,,5210,33802,4890100,Conveni Gremi Firaires-Festa Major,26500,0,0,0
,,5210,33802,6250000,Mobiliari,0,0,0,0
,,5210,33802,6290000,Altres inv noves assoc al funcionam operatiu dels serv,0,0,0,0
,,5300,32701,2230000,Transports,0,0,0,0
,,5300,32701,2260600,"Reunions, conferències i cursos",0,0,0,0
,,5300,32701,2269900,Altres despeses,24000,0,0,0
,,5300,32701,2279909,Altres treballs realitzats per empreses i profesionals,0,0,0,0
,,5400,32702,2200100,"Premsa, revistes, llibres i altres publicacions",0,0,0,0
,,5400,32702,2269900,Altres despeses,24000,0,0,0
,,5400,32702,2279909,Contractes desenvolupament serveis,0,0,3100,0
,,5411,33402,1300000,Retribucions bàsiques personal laboral,85784.66,0,17773.35,0
,,5411,33402,1300100,Hores extraordinàries,0,0,610,0
,,5411,33402,1300200,Altres retribucions personal laboral,24877.32,0,6219.33,0
,,5411,33402,1600000,Seguretat Social,31458.12,0,5353.14,0
,,5411,33402,2030000,"Arrendaments de maquinària, instal·lacions i utillatge",0,0,0,0
,,5411,33402,2219900,Altres subministraments,1000,0,0,0
,,5411,33402,2269900,Altres despeses,11000,0,210.54,0
,,5411,33402,2279909,Contractes desenvolupament serveis,3000,0,5106.39,0
,,5411,33402,2279910,Contractes activitats artístiques i culturals,85000,0,2445.65,0
,,5412,33401,1300000,Retribucions bàsiques personal laboral,22450.3,0,4813.17,0
,,5412,33401,1430000,Despeses per substitució,32290.34,0,7049.4,0
,,5412,33401,1600000,Seguretat Social,17270.76,0,2831.69,0
,,5412,33401,2269900,Altres despeses,2000,0,0,0
,,5412,33401,2279909,Contractes desenvolupament serveis,13000,0,3961.12,0
,,5412,33401,2279910,Contractes activitats artístiques i culturals,10250,0,1.42,0
,,5412,33402,2279909,Contractes desenvolupament serveis,15000,0,0,0
,,5413,33302,1300000,Retribucions bàsiques personal laboral,21618.88,0,4553.4,0
,,5413,33302,1300100,Hores extraordinàries,0,0,469,0
,,5413,33302,1300200,Altres retribucions personal laboral,2285.04,0,571.26,0
,,5413,33302,1310000,Retribucions personal laboral eventual,0,0,0,0
,,5413,33302,1430000,Despeses per substitució,33785.04,0,7439.61,0
,,5413,33302,1600000,Seguretat Social,17981.16,0,3163.45,0
,,5413,33302,2230000,Transports,1000,0,0,0
,,5413,33302,2240000,Assegurances,1000,0,0,0
,,5413,33302,2269900,Altres despeses,2000,0,0,0
,,5413,33302,2270100,Seguretat,0,0,0,0
,,5413,33302,2279909,Contractes desenvolupament serveis,1000,0,302.5,0
,,5413,33302,2279910,Contractes activitats artístiques i culturals,15000,0,0,0
,,5414,33301,1200400,Retribució sou base funcionari C2,10712.04,0,1833.93,0
,,5414,33301,1200600,Triennis,657.72,0,164.43,0
,,5414,33301,1210000,Complement Destí  funcionaris,3183.72,0,795.93,0
,,5414,33301,1210100,Complement específic funcionaris,9154.2,0,2288.55,0
,,5414,33301,1300000,Retribucions bàsiques personal laboral,64202.08,0,13359.09,0
,,5414,33301,1300100,Hores extraordinàries,0,0,385,0
,,5414,33301,1300200,Altres retribucions personal laboral,17163.96,0,4290.99,0
,,5414,33301,1430000,Despeses per substitució,54088.02,0,11816.1,0
,,5414,33301,1510000,Gratificacions treballs extraordinaris,0,0,507,0
,,5414,33301,1600000,Seguretat Social,46252.2,0,7129.73,0
,,5414,33301,1620900,Altres despeses socials (premis antiguitat),0,0,0,0
,,5414,33301,2240000,Assegurances,0,0,0,0
,,5414,33301,2269900,Altres despeses,8500,0,0,0
,,5414,33301,2270600,Estudis i treballs tècnics,1000,0,0,0
,,5414,33301,2279909,Contractes desenvolupament serveis,1000,0,0,0
,,5414,33301,2279910,Contractes activitats artístiques i culturals,23250,0,0,0
,,5414,33301,4890100,Altres transferències,750,0,0,0
,,5414,33600,2279910,Aletres treballs realitzats per altres empreses i profes.,0,0,0,0
,,5415,33210,1300000,Retribucions bàsiques personal laboral,33273.84,0,7704.66,0
,,5415,33210,1300200,Altres retribucions personal laboral,8903.88,0,1483.98,0
,,5415,33210,1600000,Seguretat Social,13307.28,0,2217.86,0
,,5415,33210,2190000,Altre immobilitzat material,0,0,0,0
,,5415,33210,2200100,"Premsa, revistes, llibres i altres publicacions-despeses com",600,0,0,0
,,5415,33210,2269900,Altres despeses comunes biblioteques,3600,0,0,0
,,5415,33210,2279910,Contractes activitats artístiques i culturals-Comuns Bibliot,3800,0,0,0
,,5415,33211,1200300,Retribució sou base funcionari C1,85342.15,0,13024.16,0
,,5415,33211,1200600,Triennis,8390.31,0,1775.55,0
,,5415,33211,1210000,Complement Destí  funcionaris,26137.44,0,5365.57,0
,,5415,33211,1210100,Complement específic funcionaris,53289.6,0,10939.47,0
,,5415,33211,1510000,Gratificacions treballs extraordinaris,0,0,928,0
,,5415,33211,1600000,Seguretat Social,49659.84,0,6573.8,0
,,5415,33211,2200100,"Premsa, revistes, llibres i altres publicacions-Biblioteca C",600,0,172.69,0
,,5415,33211,2269900,Altres despeses -Biblioteca Central,3600,0,0,0
,,5415,33211,2279910,Contractes activitats artístiques i culturals-Biblioteca Cen,3800,0,0,0
,,5415,33211,6230100,"Maquinària, instal.lacions tècniques i utillatge",0,0,0,0
,,5415,33212,1200300,Retribució sou base funcionari C1,48701.71,0,11947.26,0
,,5415,33212,1200400,Retribució sou base funcionari C2,10576.74,0,1833.93,0
,,5415,33212,1200600,Triennis,6371.91,0,1262.4,0
,,5415,33212,1210000,Complement Destí  funcionaris,18119.4,0,3596.37,0
,,5415,33212,1210100,Complement específic funcionaris,38359.44,0,7686.66,0
,,5415,33212,1510000,Gratificacions treballs extraordinaris,0,0,672,0
,,5415,33212,1600000,Seguretat Social,30917.84,0,4353.98,0
,,5415,33212,2200100,"Premsa, revistes, llibres i altres publicacions-Biblioteca C",600,0,0,0
,,5415,33212,2269900,Altres despeses -Biblioteca Can Peixauet,3600,0,0,0
,,5415,33212,2279910,Contractes activitats artístiques i culturals-Biblioteca Can,3800,0,0,0
,,5415,33213,1200300,Retribució sou base funcionari C1,60254.06,0,12148.35,0
,,5415,33213,1200400,Retribució sou base funcionari C2,10504.38,0,1833.93,0
,,5415,33213,1200600,Triennis,3243.12,0,757.08,0
,,5415,33213,1210000,Complement Destí  funcionaris,21853.32,0,4644.16,0
,,5415,33213,1210100,Complement específic funcionaris,45972.24,0,9822.91,0
,,5415,33213,1510000,Gratificacions treballs extraordinaris,0,0,832,0
,,5415,33213,1600000,Seguretat Social,43685.76,0,6485.5,0
,,5415,33213,2200100,"Premsa, revistes, llibres i altres publicacions-Biblioteca S",600,0,0,0
,,5415,33213,2269900,Altres despeses -Biblioteca Singuerlin,3600,0,0,0
,,5415,33213,2279910,Contractes activitats artístiques i culturals-Biblioteca Sin,3800,0,0,0
,,5415,33214,1200300,Retribució sou base funcionari C1,36110.16,0,6610.59,0
,,5415,33214,1200600,Triennis,1288.8,0,322.2,0
,,5415,33214,1210000,Complement Destí  funcionaris,11201.76,0,2800.44,0
,,5415,33214,1210100,Complement específic funcionaris,22838.4,0,5709.6,0
,,5415,33214,1510000,Gratificacions treballs extraordinaris,0,0,480,0
,,5415,33214,1600000,Seguretat Social,21932.04,0,3743.75,0
,,5415,33214,2200100,"Premsa, revistes, llibres i altres publicacions-Biblioteca F",600,0,468.32,0
,,5415,33214,2269900,Altres despeses -Biblioteca Fondo,3600,0,0,0
,,5415,33214,2279910,Contractes activitats artístiques i culturals-Biblioteca Fon,3800,0,0,0
,,5415,33214,6250000,Mobiliari,0,0,0,0
,,5416,33403,2279910,Contractes activitats artístiques i culturals,11300,0,0,0
,,5417,33404,2269900,Altres despeses -Centre Rellotge XXI,1000,0,0,0
,,5417,33404,2279909,Contractes desenvolupament serveis- Centre Rellotge XXI,108000,0,8977.83,0
,,5417,33405,2269900,Altres despeses -Mas Fonollar,1000,0,0,0
,,5417,33405,2279909,Contractes desenvolupament serveis - Mas Fonollar,99350,0,6250,0
,,5417,33406,2279909,Contractes desenvolupament serveis -Servei Pidces,14000,0,0,0
,,5417,33407,1430000,Despeses per substitució,22506.82,0,6404.52,0
,,5417,33407,1600000,Seguretat Social,7307.71,0,1511.94,0
,,5417,33407,2279909,Contractes desenvolupament serveis- Programa Joventut,55000,0,0,0
,,5418,32601,2269900,Altres despeses,4400,0,0,0
,,5418,32601,2279909,Contractes desenvolupament serveis,1000,0,73.81,0
,,5419,23104,4890300,Transferències entitats (atenció a la dependència i a la gen,11975,598.75,0,0
,,5419,23106,4800200,Transferències Serveis Socials a Institucions (Benestar Soci,15000,750,0,0
,,5419,23113,4890100,Altres transferències (dona),4035,201.75,0,0
,,5419,31100,4890300,Transferències entitats (zoonosi i protecció d'animals),1550,77.5,0,0
,,5419,31101,4890300,Transferències entitats (salut pública i consum),15825,791.25,0,0
,,5419,32600,4890100,Altres transferències (educació i infància),5500,275,0,0
,,5419,33400,4890300,"Transferències entitats (cultura, gent gran, infància i jove",43512.72,2175.64,0,0
,,5419,33702,4890300,Transferències entitats (Infància i Joventut),5487.28,274.36,0,0
,,5419,92023,1300000,Retribucions bàsiques personal laboral,32932.39,0,6836.7,0
,,5419,92023,1300200,Altres retribucions personal laboral,8541.12,0,2135.28,0
,,5419,92023,1600000,Seguretat Social,12955.56,0,2227.95,0
,,5419,92400,4890100,Altres transferències (cultura de proximitat),17868.41,893.42,0,0
,,5419,92400,4890300,Transferències entitats (promoció de participació i ciutadan,1375,68.75,0,0
,,5500,23103,2120100,Arrenjament habitatges,39000,0,979.4,0
,,5500,23104,2279909,Contractes desenvolupament serveis,40000,0,0,0
,,5500,23105,1200000,Retribució sou base funcionari A1,17677.6,0,2884.98,0
,,5500,23105,1200100,Retribució sou base funcionari A2,115435.9,100000,25029.17,0
,,5500,23105,1200300,Retribució sou base funcionari C1,11816.18,0,2203.53,0
,,5500,23105,1200400,Retribució sou base funcionari C2,32258.2,0,5693.18,0
,,5500,23105,1200600,Triennis,15142.33,0,2880.89,0
,,5500,23105,1210000,Complement Destí  funcionaris,55771.86,0,10348.96,0
,,5500,23105,1210100,Complement específic funcionaris,109471.26,0,20062.37,0
,,5500,23105,1300000,Retribucions bàsiques personal laboral,616414.03,0,135608.6,0
,,5500,23105,1300200,Altres retribucions personal laboral,72157.08,0,14463.06,0
,,5500,23105,1310000,Retribucions personal Laboral eventual,35590.17,0,2362.4,0
,,5500,23105,1430000,Despeses per substitució,232634.75,0,42011.08,0
,,5500,23105,1600000,Seguretat Social,403548.39,0,53173.47,0
,,5500,23105,1610400,Indemnització al personal lab. per jubilacions anticipades.,0,0,2160.61,0
,,5500,23105,1620900,Altres despeses socials (premis antiguitat),0,0,0,0
,,5500,23105,2210500,Productes alimentaris,1000,30000,0,0
,,5500,23105,2230000,Transports,1000,0,0,0
,,5500,23105,2269900,Altres despeses,1000,0,0,0
,,5500,23105,2270400,"Custòcia, dipòsit i magatzematge",1000,0,2671.61,0
,,5500,23105,2270600,Estudis i treballs tècnics,0,0,0,0
,,5500,23105,2279909,Contractes desenvolupament serveis,59000,0,1839.5,0
,,5500,23105,4800100,Transferències Serveis Socials,392500,0,98343.97,0
,,5500,23115,4890800,Fons d' ajuts socials,3700000,-350000,638833.41,0
,,5500,23115,4890900,Programa Metropolità de mesures contra la pobresa energètica,0,0,0,0
,,5500,23123,2279909,Contractes desenvolupament serveis-Casals d'estiu,50000,0,0,0
,,5500,92023,1200100,Retribució sou base funcionari A2,15686.14,0,2934.78,0
,,5500,92023,1200300,Retribució sou base funcionari C1,12120.44,0,2203.53,0
,,5500,92023,1200600,Triennis,3610.6,0,831.69,0
,,5500,92023,1210000,Complement Destí  funcionaris,8566.68,0,2141.67,0
,,5500,92023,1210100,Complement específic funcionaris,15706.8,0,3926.7,0
,,5500,92023,1300000,Retribucions bàsiques personal laboral,57801.74,0,12524.91,0
,,5500,92023,1300200,Altres retribucions personal laboral,1599.24,0,399.81,0
,,5500,92023,1600000,Seguretat Social,32609.52,0,5676.33,0
,,5514,23100,1200000,Retribució sou base funcionari A1,17656.62,0,3394.08,0
,,5514,23100,1200100,Retribució sou base funcionari A2,15677.59,0,2934.78,0
,,5514,23100,1200300,Retribució sou base funcionari C1,14719.28,0,2203.53,0
,,5514,23100,1200600,Triennis,7496.76,0,1793.88,0
,,5514,23100,1210000,Complement Destí  funcionaris,14807.76,0,3701.94,0
,,5514,23100,1210100,Complement específic funcionaris,24964.92,0,6241.23,0
,,5514,23100,1210300,Altres complements funcionaris,12919.8,0,3229.95,0
,,5514,23100,1300000,Retribucions bàsiques personal laboral,67265.88,0,14198.97,0
,,5514,23100,1300200,Altres retribucions personal laboral,14459.64,0,3614.91,0
,,5514,23100,1600000,Seguretat Social,56315.07,0,9510.03,0
,,5514,23118,2269900,Altres despeses,3090,0,0,0
,,5514,23118,2270600,Estudis i treballs tècnics,5000,-5000,0,0
,,5514,23118,2279909,Contractes desenvolupament serveis,114000,-111894.5,2105.4,0
,,5514,23118,4890100,Altres transferències,6500,0,0,0
,,5514,23118,4890101,Conveni Banc del Temps,8500,0,0,0
,,5600,23121,2269900,Altres despeses diverses,0,0,0,0
,,5600,23121,2270600,Estudis i treballs tècnics,0,0,4598,0
,,5600,23121,2279909,Contractes desenvolupament serveis,526435,116894.5,42775.48,0
,,5600,32700,1200300,Retribucions sou base funcionari C1,12001.7,0,2203.53,0
,,5600,32700,1200600,Trienis,1288.8,0,322.2,0
,,5600,32700,1210000,Complement destí funcionaris,3733.92,0,933.48,0
,,5600,32700,1210100,Complement específic funcionaris,6660.6,0,1665.15,0
,,5600,32700,1300000,Retribucions bàsiques personal laboral,93047.92,0,19304.57,0
,,5600,32700,1300200,Altres retribucions personal laboral,28277.52,0,7020.67,0
,,5600,32700,1310000,Retribucions personal laboral durada determinada,0,0,0,0
,,5600,32700,1600000,Seguretat Social,41054.16,0,6842.36,0
,,5600,33700,1310000,Retribucions personal laboral eventual,0,0,0,0
,,5600,92402,2260900,Actes i exposicions,0,0,0,0
,,5600,92402,2270600,Estudis i treballs tècnics,0,0,0,0
,,5600,92403,2269914,Dinamització processos,0,0,0,0
,,5700,33801,2030000,"Arrendaments maquinària, instal·lacions i utillatge",30000,0,0,0
,,5700,33801,2260900,Actes i exposicions,9000,0,0,0
,,5700,33801,2269900,Altres despeses,1000,0,0,0
,,5700,33801,2279909,Contractes desenvolupament serveis,10000,0,3014.06,0
,,5800,33701,1200100,SOUS DEL GRUP A2.,0,0,0,0
,,5800,33701,1200300,Retribucions sou base funcionari C1,14459.14,0,2203.53,0
,,5800,33701,1200400,Retribucions sou base funcionari C2,63063.92,0,11003.58,0
,,5800,33701,1200600,Trienis,6482.64,0,1638.93,0
,,5800,33701,1210000,Complement Desti funcionaris,25343.4,0,6335.85,0
,,5800,33701,1210100,Complement Específic funcionaris,65282.4,0,16320.6,0
,,5800,33701,1300000,Retribucions bàsiques personal laboral,129800.09,0,27887.02,0
,,5800,33701,1300100,Hores extraordinàries,0,0,160,0
,,5800,33701,1300200,Altres retribucions personal laboral,4520.4,0,996.83,0
,,5800,33701,1310000,Retribucions personal eventual temporal,35949.82,0,7674.73,0
,,5800,33701,1430000,Despeses per substitucions,73782.99,0,19066.95,0
,,5800,33701,1510000,Gratificacions treballs extraordinaris,0,0,450,0
,,5800,33701,1600000,Seguretat Social,128128.67,0,20214.96,0
,,5800,33701,1610400,Indemnització per jubilacions anticipades.,0,0,0,0
,,5800,33701,2120100,Manteniment d'edificis-casals,34000,-26000,1071,0
,,5800,33701,2219900,Altres subministraments,1000,0,0,0
,,5800,33701,2230000,Transports,1000,0,0,0
,,5800,33701,2240000,Assegurances,1000,0,0,0
,,5800,33701,2269900,Altres despeses,21100,0,1580,0
,,5800,33701,2279909,Contractes desenvolupament serveis,135000,-74000,2109.7,0
,,5800,33701,4890100,Altres transferències,26000,0,0,0
,,5800,33701,6250000,Mobiliari,0,0,0,0
,,5900,34000,2240000,Assegurances,0,0,0,0
,,5900,34000,2269900,Altres despeses,1600,0,800,0
,,5900,34000,2270600,Estudis i treballs Tècnics Administració,4350,0,0,0
,,5900,34100,1300000,Retribucions bàsiques personal laboral,93377.3,0,19417.01,0
,,5900,34100,1300200,Altres retribucions personal laboral,18610.56,0,4652.64,0
,,5900,34100,1600000,Seguretat social,34847.16,0,5945.46,0
,,5900,34100,1620900,Altres despeses socials (premis antiguitat),0,0,0,0
,,5900,34100,2230000,Transports,0,0,370,0
,,5900,34100,2260201,Publicitat i comunicació-foment esport,2500,0,0,0
,,5900,34100,2260921,Actes i activitats esportives,39000,0,570,0
,,5900,34100,2269950,Despeses EN ESPECIE Cursa per la vida,0,0,0,0
,,5900,34100,2269999,Despeses subvencions EN ESPÈCIE,0,0,0,0
,,5900,34100,2270600,Estudis i treballs Tècnics Promoció,4900,0,0,0
,,5900,34100,2279915,Activitats esportives Gent Gran,44000,0,8494.2,0
,,5900,34100,4890700,Programes esportius,78000,0,0,0
,,5900,34100,4890801,Conveni Consell Esportiu Barcelonès Nord,48000,0,0,0
,,5900,34100,4890802,Associació Natació Gramenet - Ús piscina,12000,0,0,0
,,5900,34100,4890803,Unió Colomenca d'Atelisme - Organització Cross A. Amorós,12000,0,0,0
,,5900,34100,4890804,Club Patí Gramenet - Festival Patinatge,4200,0,0,0
,,5900,34100,4890805,Futbol Sala La Unión - 24 hs Futbol Sala,1000,0,0,0
,,5900,34100,4890807,Associació Esportiva Serra de Marina - Act. Esportives,2200,0,0,0
,,5900,34100,4890808,Futbol Sala García - Promoció Futbol Sala,70000,0,0,0
,,5900,34100,4890811,Futbol Sala Ràpid Santa Coloma - Torneig FS,4500,0,0,0
,,5900,34100,4890812,Club Ciclista Colomenc - Cursa Veterans Festa Major,2000,0,0,0
,,5900,34100,4890820,Associació Espanyola Contra el Càncer-Cursa per la vida,3500,0,0,0
,,5900,34100,6250000,Mobiliari,0,6000,0,0
,,5900,34201,1300000,Retribucions bàsiques personal laboral,139240.06,0,29454.89,0
,,5900,34201,1300100,Hores extraordinàries,0,0,517.28,0
,,5900,34201,1300200,Altres retribucions personal laboral,11358.36,0,2839.59,0
,,5900,34201,1600000,Seguretat social,47513.88,0,8295.03,0
,,5900,34201,1620900,Altres despeses socials (premis antiguitat),0,0,554,0
,,5900,34201,2120100,Manteniment d'instal·lacions esportives,47000,-17428.05,0,0
,,5900,34201,2211100,Material Tècnic,6000,0,740.76,0
,,5900,34201,2219900,Altres subministraments,3500,0,0,0
,,5900,34201,2279919,Serveis de consergeria,420000,0,26164.08,0
,,5900,34201,4890815,Fundación Deportiva Grama - Gestió Nou Camp Municipal,98000,0,51450,0
,,5900,34201,4890818,Institut Numància - Pistes esportives,6500,0,0,0
,,5900,34201,4890819,Institut Can Peixauet - Pistes Esportives,9500,0,0,0
,,5900,34201,4890821,Centre Esportiu Raval,100000,0,0,0
,,5900,34201,4890822,Fundación Deportiva Grama - Camp Oliveres,46000,0,24150,0
,,5900,34201,4890823,Club Esportiu Lluita Braços,500,0,0,0
,,5900,34201,4890824,Institut Les Vinyes-Pistes Esportives,6000,0,0,0
,,5900,34201,6240000,Elements de transport,0,17428.05,0,0
,,5900,34201,6320100,Edificis instal·lacions esportives: inversió reposició,6000,-6000,0,0
,,5900,34201,7700000,Subvenció obres millora i ampliació CEM Can Zam a Duet Can Z,99036,0,0,0
,,6000,92022,1100000,Retribucions Bàsiques Eventual Gabinets,15939.62,0,3926.28,0
,,6000,92022,1100100,Retribucions Complementàries Eventual Ga,46423.7,0,9675.39,0
,,6000,92022,1600000,Seguretat Social,13819.44,0,2303.24,0
,,6000,92023,1200300,Retribució sou base funcionari C1,11955.32,0,2203.53,0
,,6000,92023,1200600,Triennis,966.6,0,241.65,0
,,6000,92023,1210000,Complement Destí  funcionaris,3733.92,0,933.48,0
,,6000,92023,1210100,Complement específic funcionaris,6660.6,0,1665.15,0
,,6000,92023,1510000,Gratificacions treballs extraordinaris,0,0,0,0
,,6000,92023,1600000,Seguretat Social,7158.24,0,1193.04,0
,,6000,92400,2269900,Altres despeses,500,0,0,0
,,6100,32000,1300000,Retribucions bàsiques personal laboral,65790.41,0,13718.37,0
,,6100,32000,1300200,Altres retribucions personal laboral,15923.28,0,3980.82,0
,,6100,32000,1600000,Seguretat Social,25193.55,0,4180.1,0
,,6100,32000,2030000,"Lloguer de maquinària, instal·lacions tècniques i utillatge",0,0,0,0
,,6100,32000,2260300,Anuncis oficials,1000,0,0,0
,,6100,32000,2269900,Altres despeses,500,0,700,0
,,6100,32000,2279909,Altres treballs realitzats per empreses i profesionals,0,20812,20812,0
,,6100,32602,4890100,Transferències Consell Comarcal. Transport escolar,40000,0,0,0
,,6100,32603,4890100,Convenis (educació i infància),8500,0,0,0
,,6100,92023,1300000,Retribucions bàsiques personal laboral,25443.86,0,5504.7,0
,,6100,92023,1600000,Seguretat Social,7862.16,0,1310.36,0
,,6100,92023,1620900,Altres despeses socials (premis antiguitat),0,0,0,0
,,6110,32001,2269900,Altres despeses,13000,0,192.21,0
,,6110,32001,2279909,Altres treballs realitzats per empreses i profesionals,0,0,0,0
,,6110,32604,1200100,SOUS DEL GRUP A2.,0,0,0,0
,,6110,32604,1210000,COMPLEMENT DE DESTINACIÓ.,0,0,0,0
,,6110,32604,1210100,COMPLEMENT ESPECÍFIC.,0,0,0,0
,,6110,32604,1300000,RETRIBUCIONS BÀSIQUES.,0,0,0,0
,,6110,32604,1430000,Despeses per substitució,29835.64,0,6404.52,0
,,6110,32604,1600000,Seguretat Social,9371.52,0,1561.92,0
,,6110,32604,4890600,Transferència a les famílies per l'adquisició de llibres,765000,0,0,0
,,6110,32605,4890601,Transferència a les famílies per l'adquisició d'ordinadors,177750,0,0,0
,,6120,32607,1200100,Retribució sou base funcionari A2,15913.31,0,5748.8,0
,,6120,32607,1200600,Triennis,3040.64,0,250.43,0
,,6120,32607,1210000,Complement Destí  funcionaris,4832.76,0,402.73,0
,,6120,32607,1210100,Complement específic funcionaris,9046.2,0,753.85,0
,,6120,32607,1300000,Retribucions bàsiques personal laboral,22359.36,0,4770.54,0
,,6120,32607,1300200,Altres retribucions personal laboral,660.96,0,165.24,0
,,6120,32607,1600000,Seguretat Social,17447.33,0,1575.33,0
,,6120,32607,1620900,Altres despeses socials (premis antiguitat),0,0,0,0
,,6120,32607,2230000,Transports,0,0,0,0
,,6120,32607,2269900,Altres despeses,5000,2342.4,0,0
,,6120,32607,2279909,Contractes desenvolupament serveis,98000,-20812,120,0
,,6120,32607,2279910,Contractes activitats artístiques i culturals,0,0,0,0
,,6120,32608,1300000,Retribucions bàsiques personal laboral,66195.08,0,14055.75,0
,,6120,32608,1300200,Altres retribucions personal laboral,3808.2,0,952.05,0
,,6120,32608,1310000,Retribucions personal Laboral eventual,31703.4,0,6917.19,0
,,6120,32608,1600000,Seguretat Social,31882.08,0,4699.48,0
,,6120,32608,2279909,Contractes desenvolupament serveis (pla educatiu entorn),23400,0,15160.09,0
,,6130,32301,1200400,SOUS DEL GRUP C2.,0,0,0,0
,,6130,32301,1210000,COMPLEMENT DE DESTINACIÓ.,0,0,0,0
,,6130,32301,1210100,COMPLEMENT ESPECÍFIC.,0,0,0,0
,,6130,32301,1300000,Retribucions bàsiques personal laboral,32044.31,0,6936.78,0
,,6130,32301,1300200,Altres retribucions personal laboral,1599.24,0,399.81,0
,,6130,32301,1310000,Retribucions personal laboral eventual,0,0,0,0
,,6130,32301,1430000,Despeses per substitució,31563.46,0,11921.47,0
,,6130,32301,1600000,Seguretat Social,20290.44,0,3412.89,0
,,6130,32301,1620900,Altres despeses socials (premis antiguitat),0,0,0,0
,,6130,32301,2279909,Contractes desenvolupament serveis,2000000,0,308542.18,0
,,6140,32302,1200300,Retribució sou base funcionari C1,12671.26,50000,2203.53,0
,,6140,32302,1200400,Retribució sou base funcionari C2,104845.76,0,18807.97,0
,,6140,32302,1200600,Triennis,7729.89,0,1723.2,0
,,6140,32302,1210000,Complement Destí  funcionaris,35571.12,0,9096.19,0
,,6140,32302,1210100,Complement específic funcionaris,88597.2,0,22654.55,0
,,6140,32302,1300000,Retribucions bàsiques personal laboral,403013.45,0,84108.73,0
,,6140,32302,1300100,Hores extraordinàries,0,0,816.34,0
,,6140,32302,1300200,Altres retribucions personal laboral,11216.88,0,2662.31,0
,,6140,32302,1310000,Retribucions personal Laboral eventual,19351.57,0,2926.31,0
,,6140,32302,1430000,Despeses per substitució,152711.96,0,25918.32,0
,,6140,32302,1510000,Gratificacions serveis extraordinaris,0,0,154.68,0
,,6140,32302,1600000,Seguretat Social,258670.84,0,40921.77,0
,,6140,32302,1610400,Indemnització al personal lab. per jubilacions anticipades.,0,0,2160.61,0
,,6140,32302,1620900,Altres despeses socials (premis antiguitat),0,0,903.25,0
,,6140,32302,2120100,Manteniment d'edificis-educació,50000,0,0,0
,,6140,32302,4890100,Altres transferències,9000,0,0,0
,,6212,33701,1300100,Hores extraordinàries,0,0,0,0
,,7000,15100,1100000,Retribucions Bàsiques Eventual Gabinets,13576.32,0,3394.08,0
,,7000,15100,1100100,Retribucions Complementàries Eventual Ga,50439.32,0,10532.52,0
,,7000,15100,1200300,Retribució sou base funcionari C1,12481.3,0,2203.53,0
,,7000,15100,1200600,Triennis,3248.64,0,812.16,0
,,7000,15100,1210000,Complement Destí  funcionaris,3733.92,0,933.48,0
,,7000,15100,1210100,Complement específic funcionaris,7679.16,0,1919.79,0
,,7000,15100,1600000,Seguretat Social,21199.56,0,3533.26,0
,,7000,15100,2200100,"Premsa, revistes, llibres i altres publicacions",2700,0,0,0
,,7000,15100,2200200,Material informàtic no inventariable,0,0,2578.55,0
,,7000,15100,2219909,Material tècnic,1500,0,0,0
,,7000,15100,2240000,Assegurances,23000,-5273.56,4098.94,0
,,7000,15100,2260300,Anuncis oficials,3000,0,2011.8,0
,,7000,15100,2269900,Altres despeses,62500,0,395.67,0
,,7000,15100,2270600,Estudis i treballs tècnics,0,0,0,0
,,7000,15100,4800001,Beques subjectes a retenció d'IRPF no incloses en la BDNS,0,4759.88,1600,0
,,7000,15100,7800000,Subvencions a families,140000,27837.76,0,27837.76
,,7000,15220,2250100,Tributs de les Comunitats Autònomes,0,0,1862.4,0
,,7000,15310,4650000,Consell Comarcal-Rondes,25000,0,0,0
,,7010,15001,1200000,Retribució sou base funcionari A1,58906.42,0,10182.24,0
,,7010,15001,1200100,Retribució sou base funcionari A2,32645.55,0,5869.56,0
,,7010,15001,1200300,Retribució sou base funcionari C1,97740.25,0,27615.45,0
,,7010,15001,1200600,Triennis,21342.31,0,4633.5,0
,,7010,15001,1210000,Complement Destí  funcionaris,66715.8,0,17545.16,0
,,7010,15001,1210100,Complement específic funcionaris,140433.12,0,35974.49,0
,,7010,15001,1300000,Retribucions bàsiques personal laboral,57698.31,0,12340.29,0
,,7010,15001,1300100,Hores extraordinàries,0,0,0,0
,,7010,15001,1300200,Altres retribucions personal laboral,5388.12,0,1347.03,0
,,7010,15001,1430000,Despeses per substitució,44682.58,0,6402.88,0
,,7010,15001,1510000,Gratificacions treballs extraordinaris,0,0,1207.67,0
,,7010,15001,1600000,Seguretat Social,143088.23,0,23930.34,0
,,7010,15001,1620900,Altres despeses socials (premis antiguitat),0,0,0,0
,,7100,17000,1200000,Retribució sou base funcionari A1,55302.68,0,10182.24,0
,,7100,17000,1200400,Retribució sou base funcionari C2,10748.22,0,1833.93,0
,,7100,17000,1200600,Triennis,8614.08,0,2414.64,0
,,7100,17000,1210000,Complement Destí  funcionaris,21906.96,0,5476.74,0
,,7100,17000,1210100,Complement específic funcionaris,38576.16,0,9644.04,0
,,7100,17000,1210300,Altres complements funcionaris,9343.2,0,2335.8,0
,,7100,17000,1300000,Retribucions bàsiques personal laboral,39098.42,0,8050.95,0
,,7100,17000,1300200,Altres retribucions personal laboral,16024.2,0,4006.05,0
,,7100,17000,1510000,Gratificacions treballs extraordinaris,0,0,0,0
,,7100,17000,1600000,Seguretat Social,50083.32,0,8395.6,0
,,7100,17000,1620900,Altres despeses socials (premis antiguitat),0,0,564.53,0
,,7100,17000,2269900,Altres despeses,425,0,0,0
,,7110,31103,2269900,Altres despeses,12000,0,4854.51,0
,,7110,31103,2270600,Estudis i treballs tècnics,98462,0,0,0
,,7110,31103,2279900,Altres treballs realitzats altres empreses i professionals,0,0,0,0
,,7110,31103,4650000,Consell Comarcal. Centre d'acolliment d'animals,77200,0,12865,0
,,7120,17200,2130100,Manteniment instal·lacions,0,0,0,0
,,7120,17200,2250000,Tributs estatals,0,0,0,0
,,7120,17200,2260900,Actes i exposicions,0,0,0,0
,,7120,17200,2270600,Estudis i treballs tècnics,53000,0,0,0
,,7120,17200,2279900,Altres treballs realitzats altres empreses i professionals,0,0,0,0
,,7120,17200,4890100,Altres transferències,1500,0,0,0
,,7130,17220,2190000,Altre immovilitzat material,0,0,0,0
,,7130,17220,2219900,Altres Subministraments,0,0,0,0
,,7130,17220,2260900,Actes i exposicions,0,0,0,0
,,7130,17220,2270600,Estudis i treballs tècnics,78000,-1927.53,0,0
,,7130,17220,2279900,Altres treballs realitzats altres empreses i professionals,0,0,0,0
,,7130,17220,6230100,"Maquinària, instal.lacions tècniques i utillatge",0,847,0,0
,,7130,17230,2279900,Altres treballs realitzats altres empreses i professionals,0,0,0,0
,,7130,17230,6330000,"Maquinària, instal·lacions tècniques i utillatge",0,1080.53,0,0
,,7140,13600,2270600,Estudis i treballs tècnics,80000,0,0,0
,,7140,13600,2279900,Altres treballs realitzats altres empreses i professionals,0,0,0,0
,,7140,17230,2020100,Lloguers,0,0,0,0
,,7140,17230,2219900,Altres Subministraments,0,0,0,0
,,7140,17230,2270600,Estudis i treballs tècnics,41000,0,0,0
,,7140,17230,2279900,Altres treballs realitzats altres empreses i professionals,0,0,0,0
,,7140,17230,4660000,Transferències a altres entitats que agrupen municipis,0,0,0,0
,,7140,17230,4800000,transferències a famílies e institucions sense ànims de lucr,0,0,0,0
,,7140,17230,4890902,"Altres transferències quota associació, convenis administrac",0,0,0,0
,,7140,33600,6090000,Altres inv en infraestructures i béns destinats a l'ús gener,0,0,0,0
,,7150,16221,2219900,Altres Subministraments,0,0,0,0
,,7150,16221,2270000,Neteja,71000,0,11788.32,0
,,7150,16221,2270100,Seguretat,0,0,0,0
,,7150,16221,2270600,Estudis i treballs tècnics,37500,0,0,0
,,7150,16221,2279900,Altres treballs realitzats altres empreses i professionals,0,0,0,0
,,7150,17210,2279900,Altres treballs realitzats altres empreses i professionals,0,0,0,0
,,7300,15000,1200000,Retribució sou base funcionari A1,36861.2,0,6788.16,0
,,7300,15000,1200600,Triennis,5099.68,0,1187.88,0
,,7300,15000,1210000,Complement Destí  funcionaris,12482.16,0,3120.54,0
,,7300,15000,1210100,Complement específic funcionaris,25346.88,0,6336.72,0
,,7300,15000,1300000,Retribucions bàsiques personal laboral,92228.2,0,19971.66,0
,,7300,15000,1300200,Altres retribucions personal laboral,22186.68,0,4915.35,0
,,7300,15000,1510000,Gratificacions treballs extraordinaris,0,0,97.19,0
,,7300,15000,1600000,Seguretat Social,54477.16,0,7565.76,0
,,7300,15000,2269900,Altres despeses,5000,0,116,0
,,7300,15100,6100100,Adequació i remodelació de solars,0,0,0,0
,,7300,15120,2100000,Despeses reparcel·lació per cooperació Sta Coloma Vella II,0,1407014.25,525943.24,1407014.25
,,7300,15120,2260300,Publicació en diaris oficials,0,0,0,0
,,7300,15120,6000100,Expropiacions,1400000,356582.64,57480,356582.64
,,7300,15120,6000200,Inversions en terrenys,0,193490,0,193490
,,7300,15210,4490300,Transferències a Gramepark SA,0,0,0,0
,,7300,15320,6190001,Altres inv de reposicio en infrastr i bens dest us gral,0,0,0,0
,,7400,13400,6090001,Altres inv. noves en infraestruc i bens destinats ús gral,0,0,0,0
,,7400,15002,1200000,Retribució sou base funcionari A1,38863.34,0,6788.16,0
,,7400,15002,1200100,Retribució sou base funcionari A2,34419.32,0,6815.04,0
,,7400,15002,1200300,Retribució sou base funcionari C1,12808.26,0,2203.53,0
,,7400,15002,1200600,Triennis,14974.2,0,3473.9,0
,,7400,15002,1210000,Complement Destí  funcionaris,31037.76,0,7406.42,0
,,7400,15002,1210100,Complement específic funcionaris,76385.04,0,18331.26,0
,,7400,15002,1300000,Retribucions bàsiques personal laboral,38526.5,0,7886.31,0
,,7400,15002,1300200,Altres retribucions personal laboral,17141.4,0,4285.35,0
,,7400,15002,1600000,Seguretat Social,67100.16,0,11555.52,0
,,7400,15002,1610400,Indemnització al personal lab. per jubilacions anticipades.,0,0,0,0
,,7400,15100,2269900,Altres despeses diverses,0,0,0,0
,,7400,15100,2270600,Estudis i treballs tècnics,80000,-36228.38,871.2,0
,,7400,15100,2279900,Altres treballs realitzats altres empreses i professionals,0,0,0,0
,,7400,15100,4670300,Transferència Consorci Besós,50000,0,0,0
,,7400,15100,4800001,Beques subjectes a retenció d'IRPF no incloses en la BDNS,0,26154.56,11955.21,0
,,7400,15120,2270600,Estudis i treballs tècnics,0,5045.8,0,5045.8
,,7400,15220,2120200,"Reparacions, manteniment i conservació edificis i altres",0,559060.73,0,559060.73
,,7400,15220,7800000,Subvencions a famílies i institucions sense ànim lucre,0,498966.64,0,498966.64
,,7500,15000,2219900,Altres Subministraments,0,0,0,0
,,7500,15000,2270600,Estudis i treballs tècnics,0,0,0,0
,,7500,15000,2279900,Altres treballs realitzats altres empreses i professionals,0,0,0,0
,,7500,15003,1200000,Retribució sou base funcionari A1,57625.55,0,11946.05,0
,,7500,15003,1200100,Retribució sou base funcionari A2,49505.28,0,8804.34,0
,,7500,15003,1200300,Retribució sou base funcionari C1,23972.8,0,6610.59,0
,,7500,15003,1200600,Triennis,11398.12,0,2641.98,0
,,7500,15003,1210000,Complement Destí  funcionaris,46256.4,0,11977.49,0
,,7500,15003,1210100,Complement específic funcionaris,105143.28,0,26750.77,0
,,7500,15003,1300000,Retribucions bàsiques personal laboral,25046.18,0,5420.82,0
,,7500,15003,1310000,Retribucions personal laboral eventual,0,0,0,0
,,7500,15003,1430000,Despeses per substitució,20077.66,0,5779.26,0
,,7500,15003,1600000,Seguretat Social,92852.26,0,16567.16,0
,,7500,15100,6100100,Adequació i remodelació de solars,0,213620.81,0,213620.81
,,7500,15100,6190001,Altres inv de reposicio en infrastr i bens dest us gral,0,9915263.49,0,10122843.89
,,7500,15120,6190001,Altres inv de reposicio en infrastr i bens dest us gral,0,0,0,0
,,7500,15210,4490300,"Transferències a Gramepark, SA",0,0,0,0
,,7500,15210,6820000,Despeses inv béns patrimonials. Edificis construccions,0,157300,0,157300
,,7500,15210,7490000,Transferències a Gramepark SA,0,1204963.6,0,1204963.6
,,7500,15220,2270600,Estudis i treballs tècnics,0,0,0,0
,,7500,15220,7800000,Subvencions a famílies i institucions sense ànim lucre,0,0,0,0
,,7500,15310,6090001,Altres inv. noves en infraestruc i bens destinats ús gral,0,0,0,0
,,7500,15310,6190001,Altres inv de reposicio en infrastr i bens dest us gral,0,374308.58,0,374308.58
,,7500,15320,6190001,Altres inversions reposicio infrastructures i bens destinats,374308.58,0,0,0
,,7500,16000,6190002,Altres inv de reposicio en infrastr i bens dest us gral,0,1537696.97,0,1537696.97
,,7500,17100,6090000,Altres inv en infraestructures i béns destinats a l'ús gener,0,847120.68,0,704467.18
,,7500,17100,6090001,Altres inv. noves en infraestruc i bens destinats ús gral,0,45185.28,0,45185.28
,,7500,17100,6190001,Altres inv de reposicio en infrastr i bens dest us gral,0,0,0,0
,,7500,17100,6190002,Altres inv de reposicio en infrastr i bens dest us gral,0,434030.01,0,434030.01
,,7500,23100,6320000,"Edificis i altres construccions, inversió de reposició",0,500000,0,0
,,7500,23121,6320000,EDIFICIS I ALTRES CONSTRUCCIONS,0,0,0,0
,,7500,24100,6320100,"Edificis i altres construccions, inversió de reposició",0,3586403,0,3586403
,,7500,32300,6320000,Edificis i altres construccions,0,0,0,0
,,7500,33220,6320100,"Edificis i altres construccions, inversió de reposició",0,0,0,0
,,7500,33600,6250000,MOBILIARI,0,13978.79,0,13978.79
,,7500,33600,6320100,"Edificis i altres construccions, inversió de reposició",0,35344.03,0,35344.03
,,7500,33701,6320100,"Edificis i altres construccions, inversió de reposició",0,60486.51,60486.51,60486.51
,,7500,34200,6320100,"Edificis i altres construccions, inversió de reposició",0,0,0,0
,,7500,34201,2270600,Estudis i treballs tècnics,0,7260,0,7260
,,7600,92024,1200300,Retribució sou base funcionari C1,37092.24,0,8952.03,0
,,7600,92024,1200400,Retribució sou base funcionari C2,10921.04,0,1833.93,0
,,7600,92024,1200600,Trienis,948.63,0,217.02,0
,,7600,92024,1210000,Complement Destí funcionaris,14385.48,0,2974.05,0
,,7600,92024,1210100,Complement específic funcionaris,39912.72,0,8351.1,0
,,7600,92024,1300000,Retribucions bàsiques personal laboral,162036.99,0,33929.37,0
,,7600,92024,1300100,Hores extraordinàries,0,0,0,0
,,7600,92024,1300200,Altres retribucions personal laboral,40249.8,0,10062.45,0
,,7600,92024,1510000,Gratificacions treballs extraordinaris,0,0,1260,0
,,7600,92024,1600000,Seguretat Social,94004.71,0,16121.36,0
,,7610,16211,2270000,Neteja,475000,0,120674.63,0
,,7610,16212,2270000,Neteja,752000,0,159287.78,0
,,7610,16300,2130000,"Maquinària, instal·lacions tècniques i utillatge",0,0,0,0
,,7610,16300,2269900,Altres despeses,20000,0,0,0
,,7610,16300,2270000,Neteja i recollida escombraries,7627000,0,414031.9,0
,,7610,16300,2270600,Estudis i treballs tècnics,0,0,0,0
,,7610,16300,6230000,MAQUINARIA,0,75000,0,75000
,,7610,16301,2270000,Neteja,50000,0,10574.85,0
,,7610,16302,2279911,Neteja i accessos mecànics,80000,0,11585.02,0
,,7630,32300,2270000,Neteja,1941500,0,518522.55,0
,,7630,33000,2270000,Neteja,375000,0,104172.54,0
,,7630,34000,2270000,Neteja,222000,0,61562.5,0
,,7630,43120,2270000,Neteja,73000,0,18448.97,0
,,7630,92000,2270000,Neteja,435000,0,102525.76,0
,,7660,43120,1200300,Retribució sou base funcionari C1,13933.77,0,2203.53,0
,,7660,43120,1200400,Retribució sou base funcionari C2,31955.22,50000,5501.79,0
,,7660,43120,1200600,Triennis,4555.41,0,1105.29,0
,,7660,43120,1210000,Complement Destí  funcionaris,15792.24,0,3948.06,0
,,7660,43120,1210100,Complement específic funcionaris,41121.36,0,10280.34,0
,,7660,43120,1300000,Retribucions bàsiques personal laboral,110312.08,0,23359.26,0
,,7660,43120,1300100,Hores extraordinàries,0,0,4432.79,0
,,7660,43120,1300200,Altres retribucions personal laboral,6300.12,0,1575.03,0
,,7660,43120,1310000,Retribucions personal Laboral eventual,6214.78,0,704.62,0
,,7660,43120,1510000,Gratificacions treballs extraordinaris,0,0,2635.89,0
,,7660,43120,1600000,Seguretat Social,77114.7,0,14772.11,0
,,7660,43120,1610400,Indemnització al personal lab. per jubilacions anticipades.,0,0,2160.61,0
,,7660,43120,2120100,Manteniment d'edificis -mercats,120000,0,5216.24,0
,,7660,43120,2211000,Productes de neteja i lavabo,0,0,1755.71,0
,,7660,43120,2219900,Altres Subministraments,0,0,0,0
,,7660,43120,2269900,Altres despeses,20000,0,0,0
,,7660,43120,2270100,Seguretat,0,0,0,0
,,7660,43120,6240000,Elements de transport,0,3751,0,3751
,,7660,43120,6320100,"Edificis i altres construccions, inversió de reposició",0,16359.2,1950.52,16359.2
,,7700,15110,1200000,Retribució sou base funcionari A1,57597.15,0,10182.24,0
,,7700,15110,1200100,Retribució sou base funcionari A2,66426.96,0,11739.12,0
,,7700,15110,1200300,Retribució sou base funcionari C1,98531.51,0,18420.36,0
,,7700,15110,1200400,Retribució sou base funcionari C2,10466.58,0,1833.93,0
,,7700,15110,1200600,Triennis,32352.16,0,7801.47,0
,,7700,15110,1210000,Complement Destí  funcionaris,78325.08,0,20107.05,0
,,7700,15110,1210100,Complement específic funcionaris,172608.84,0,43844.75,0
,,7700,15110,1300000,Retribucions bàsiques personal laboral,51212.66,0,10868.66,0
,,7700,15110,1300200,Altres retribucions personal laboral,6203.76,0,1542.32,0
,,7700,15110,1430000,Despeses per substitucions,0,0,0,0
,,7700,15110,1600000,Seguretat Social,156051.28,0,26424.86,0
,,7700,15110,2100300,Execució d'obres subsidiàries (disciplina urbanística),39200,0,606.72,0
,,7700,15110,2219900,Altres Subministraments,0,0,0,0
,,7700,15110,2269900,Altres despeses,2000,0,0,0
,,7700,15110,2270600,Estudis i treballs tècnics,1000,0,0,0
,,7700,15110,2279900,Altres treballs realitzats altres empreses i professionals,0,0,0,0
,,7700,15110,6230100,"Maquinària, instal.lacions tècniques i utillatge",0,0,0,0
,,7700,15110,6240000,Elements de transport,0,10500,0,10500
,,7800,15300,1200100,Retribució sou base funcionari A2,18631.86,0,2810.33,0
,,7800,15300,1200600,Triennis,2483.6,0,567.68,0
,,7800,15300,1210000,Complement Destí  funcionaris,7583.16,0,1895.79,0
,,7800,15300,1210100,Complement específic funcionaris,23349.24,0,5837.31,0
,,7800,15300,1600000,Seguretat Social,11343.6,0,1890.6,0
,,7800,15300,2100100,Manteniment via pública,0,0,0,0
,,7800,15300,2130000,"Maquinària, instal·lacions tècniques i utillatge",0,0,0,0
,,7800,15300,2140100,Manteniment i neteja de vehicles,0,0,374.81,0
,,7800,15300,2219900,Altres Subministraments,0,0,999.99,0
,,7800,15320,2100100,Manteniment via pública,26000,0,0,0
,,7800,15320,2101100,Desperfectes,11500,0,0,0
,,7800,15320,2130000,"Maquinària, instal·lacions tècniques i utillatge",0,0,0,0
,,7800,15320,2140100,Manteniment i neteja de vehicles,40100,0,4070.94,0
,,7800,15320,2210400,Vestuari,0,0,0,0
,,7800,15320,2219900,Altres subministraments,4400,0,0,0
,,7800,15320,2270600,Estudis i treballs tècnics,1000,0,0,0
,,7800,16000,2100200,Conexió clavegueram,8600,0,2135.37,0
,,7810,15100,6190001,Altres inv de reposicio en infrastr i bens dest us gral,0,0,0,0
,,7810,15300,1200100,Retribució sou base funcionari A2,16565.2,0,2934.78,0
,,7810,15300,1200300,Retribució sou base funcionari C1,12836.62,0,2203.53,0
,,7810,15300,1200600,Triennis,3932.52,0,983.13,0
,,7810,15300,1210000,Complement Destí  funcionaris,9975,0,2493.75,0
,,7810,15300,1210100,Complement específic funcionaris,23572.44,0,5893.11,0
,,7810,15300,1300000,Retribucions bàsiques personal laboral,22311.6,0,4715.74,0
,,7810,15300,1300100,Hores extraordinàries,0,0,0,0
,,7810,15300,1300200,Altres retribucions personal laboral,1906.92,0,1046.64,0
,,7810,15300,1310000,Retribucions personal Laboral eventual,8165.98,0,1251.96,0
,,7810,15300,1430000,Despeses per substitució,36244.8,0,7800.72,0
,,7810,15300,1600000,Seguretat Social,41968.45,0,6997.32,0
,,7810,15300,1610400,Indemnització per jubilacions anticipades.,0,0,2201.66,0
,,7810,15300,2100100,Manteniment via pública,0,0,0,0
,,7810,15300,6240100,Elements de transport,0,69505,0,69505
,,7810,15310,2101700,Manteniment escales mecàniques,510000,0,83296.4,0
,,7810,15320,2100100,Manteniment via pública,347000,0,83682.33,0
,,7810,15320,2100300,Execució d'obres subsidiàries (guals),12000,0,0,0
,,7810,15320,2100700,Manteniment pavimentació,733000,0,0,0
,,7810,15320,2270600,Estudis i treballs tècnics,0,0,0,0
,,7810,15320,6090000,Altres inv en infraestructures i béns destinats a l'ús gener,0,0,0,0
,,7810,15320,6190001,Altres inv de reposicio en infrastr i bens dest us gral,0,278672.69,0,278672.69
,,7810,15330,2101700,Manteniment escales mecàniques,0,0,0,0
,,7810,24100,2101600,Plans d'ocupació,207500,0,533.64,0
,,7820,13300,1310000,Retribucions personal Laboral eventual,37306.24,0,8120.04,0
,,7820,13300,1600000,Seguretat Social,11527.68,0,1921.28,0
,,7820,13300,2100500,Manteniment via pública i edificis,20000,0,0,0
,,7820,13300,2100600,Manteniment semàfors,225300,0,0,0
,,7830,16500,2100800,Manteniment enllumenat,736000,-21778.79,127497.18,0
,,7830,16500,2130400,Escomeses i legalitat,25000,0,0,0
,,7830,16500,2219909,Material tècnic,18000,0,0,0
,,7830,16500,2270600,Estudis i treballs tècnics,0,10587.5,0,0
,,7830,16500,6190001,Altres inv de reposicio en infrastr i bens dest us gral,0,659142.81,0,637364.02
,,7840,92000,1200400,Retribució sou base funcionari C2,10500.49,0,1833.93,0
,,7840,92000,1200600,Triennis,712.53,0,164.43,0
,,7840,92000,1210000,Complement Destí  funcionaris,3183.72,0,795.93,0
,,7840,92000,1210100,Complement específic funcionaris,7776.36,0,1944.09,0
,,7840,92000,1300000,Retribucions bàsiques personal laboral,96605.48,0,15474.48,0
,,7840,92000,1300100,Hores extraordinàries,0,0,329.8,0
,,7840,92000,1300200,Altres retribucions personal laboral,19768.32,0,4440.48,0
,,7840,92000,1310000,Retribucions personal Laboral eventual,70465.6,0,15107.76,0
,,7840,92000,1430000,Despeses per substitució,44439.78,0,8413.99,0
,,7840,92000,1600000,Seguretat Social,86431.93,0,14019.09,0
,,7850,17100,1200100,Retribució sou base funcionari A2,33701.61,0,5869.56,0
,,7850,17100,1200600,Triennis,4718.84,0,1170.84,0
,,7850,17100,1210000,Complement Destí  funcionaris,12929.88,0,3232.47,0
,,7850,17100,1210100,Complement específic funcionaris,27717.48,0,6929.37,0
,,7850,17100,1600000,Seguretat Social,22487.52,0,3745.84,0
,,7850,17100,2100900,Manteniment jardins i mobiliari urbà,60000,18473.92,5581.34,18473.92
,,7850,17100,2219900,Altres Subministraments,0,0,0,0
,,7850,17100,2270000,Neteja,2294000,394879.24,485734.05,394879.24
,,7850,17100,2270600,Estudis i treballs tècnics,0,0,0,0
,,7850,17100,2279900,Altres treballs realitzats altres empreses i professionals,0,0,0,0
,,7850,17100,6190002,Altres inv de reposicio en infrastr i bens dest us gral,0,150000,0,150000
,,7850,33705,6090000,Jocs Infantils-Meses Concertació 2016-2019,250000,195575.41,78.17,195575.41
,,7851,16000,2100000,Reparació infraestructures i bens naturals,0,0,18371.39,0
,,7851,16000,2270000,Neteja,270000,0,0,0
,,7851,16000,6190002,Altres inv de reposicio en infrastr i bens dest us gral,0,789786.62,0,789786.62
,,7900,13200,6320000,EDIFICIS I ALTRES CONSTRUCCIONS,0,0,0,0
,,7900,32300,2120100,Manteniment d'edificis -Educació,378000,80000,73895.56,0
,,7900,32300,2130100,Manteniment instal·lacions,0,0,0,0
,,7900,32300,2140100,Reparació de vehicles,0,0,0,0
,,7900,32300,2150100,Manteniment mobiliari,0,0,0,0
,,7900,32300,2219900,Altres Subministraments,0,0,0,0
,,7900,32300,2270600,Estudis i treballs tècnics,0,0,0,0
,,7900,32300,6090000,Altres inv en infraestructures i béns destinats a l'ús gener,0,0,0,0
,,7900,32300,6230100,"Maquinària, instal.lacions tècniques i utillatge",0,0,0,0
,,7900,32300,6320000,EDIFICIS I ALTRES CONSTRUCCIONS,0,0,0,0
,,7900,32302,2120200,"Reparacions, manteniment i conservació d'edificis i altres",0,0,0,0
,,7900,32302,6320000,EDIFICIS I ALTRES CONSTRUCCIONS,0,0,0,0
,,7900,32302,6320100,"Edificis i altres construccions, inversió de reposició",0,83052.93,0,3052.93
,,7900,32302,6350000,Inversió de reposició mobiliari,0,0,0,0
,,7900,33211,6320000,EDIFICIS I ALTRES CONSTRUCCIONS,0,0,0,0
,,7900,33300,2120100,Manteniment d'edificis - Culturals,0,0,0,0
,,7900,33300,2130100,Manteniment instal·lacions,0,0,0,0
,,7900,33300,2270600,Estudis i treballs tècnics,0,0,0,0
,,7900,33301,6320000,EDIFICIS I ALTRES CONSTRUCCIONS,0,0,0,0
,,7900,33302,6220100,"Edificis i construccions, inversió nova",0,0,0,0
,,7900,33303,6320100,"Edificis i altres construccions, inversió de reposició",0,0,0,0
,,7900,33600,6090000,Molí Ribé-Poblat Ibèric-Meses Concertació 16-19-Patrimoni hi,214717.5,0,0,0
,,7900,34000,2140100,Reparació de vehicles,5000,0,2242.96,0
,,7900,34000,2240000,Assegurances,1444,0,0,0
,,7900,34100,2211100,Material Tècnic,4000,0,0,0
,,7900,34200,6320000,EDIFICIS I ALTRES CONSTRUCCIONS,0,0,0,0
,,7900,34201,2120100,Manteniment d'edificis-Esports,195000,80000,18111.33,0
,,7900,34201,2130100,Manteniment instal·lacions,0,0,0,0
,,7900,34201,2140100,Manteniment i neteja de vehicles,0,0,0,0
,,7900,34201,2150100,Manteniment mobiliari,0,0,0,0
,,7900,34201,2219900,Altres Subministraments,0,0,0,0
,,7900,34201,2270600,Estudis i treballs Tècnics Instal·lacions,49000,0,0,0
,,7900,34201,6320100,Edificis instal·lacions esportives: inversió reposició,50000,40000,0,0
,,7900,34204,6320000,EDIFICIS I ALTRES CONSTRUCCIONS,0,0,0,0
,,7900,43120,6220100,"Edificis i construccions, inversió nova",0,0,0,0
,,7900,92000,1200000,Retribució sou base funcionari A1,19530.08,0,3394.08,0
,,7900,92000,1200100,Retribució sou base funcionari A2,49540.38,0,10108.69,0
,,7900,92000,1200600,Triennis,4643.52,0,1267.32,0
,,7900,92000,1210000,Complement Destí  funcionaris,25412.04,0,7046.46,0
,,7900,92000,1210100,Complement específic funcionaris,59035.44,0,16228.05,0
,,7900,92000,1300000,Retribucions bàsiques personal laboral,64334.12,0,13132.38,0
,,7900,92000,1300200,Altres retribucions personal laboral,26195.88,0,6548.97,0
,,7900,92000,1310000,Retribucions personal Laboral eventual,47415.64,0,10185.42,0
,,7900,92000,1430000,Despeses per substitució,92986.6,0,19500.54,0
,,7900,92000,1600000,Seguretat Social,130177.68,0,20743.47,0
,,7900,92000,1620900,Altres despeses socials (premis antiguitat),0,0,536.3,0
,,7900,92000,2120100,Manteniment d'edificis -Administració general,600000,-282545.22,15569.18,0
,,7900,92000,2130100,Manteniment instal.lacions,545000,0,27254.05,0
,,7900,92000,2140100,Manteniment i neteja vehicles,0,0,0,0
,,7900,92000,2150100,Manteniment mobiliari,0,0,0,0
,,7900,92000,2219900,Altres Subministraments,0,0,0,0
,,7900,92000,2270100,Seguretat,0,0,0,0
,,7900,92000,2270600,Estudis i treballs tècnics,22500,0,0,0
,,7900,92000,6230100,"Maquinària, instal.lacions tècniques i utillatge",0,2545.22,0,0
,,7900,93303,6220000,Inv nova associada al funcionament dels serveis,0,161302.02,0,161302.02
,,7910,16500,2210000,Energia elèctrica,680000,0,105363.57,0
,,7910,16501,2210000,Energia elèctrica,39000,0,5318.49,0
,,7910,16502,2210000,Energia elèctrica,74000,0,18322.05,0
,,7910,17100,2210101,Aigua fonts públiques,140000,0,12934.28,0
,,7910,32300,2210000,Energia elèctrica,400000,0,128284.83,0
,,7910,32300,2210100,Aigua,146000,0,17862.12,0
,,7910,32300,2210200,Gas,200000,0,83752.72,0
,,7910,33000,2210000,Energia elèctrica,177000,0,59030.74,0
,,7910,33000,2210100,Aigua,52000,0,27291.57,0
,,7910,33000,2210200,Gas,35000,0,1017.79,0
,,7910,34000,2210000,Energia elèctrica,54000,0,0,0
,,7910,34000,2210100,Aigua,1000,0,0,0
,,7910,34000,2210200,Gas,30000,0,0,0
,,7910,34201,2210000,Energia elèctrica,269000,0,33950.22,0
,,7910,34201,2210100,Aigua,79000,0,13747.43,0
,,7910,34201,2210200,Gas,33000,0,16036.04,0
,,7910,43120,2210000,Energia elèctrica,114000,0,17651.05,0
,,7910,43120,2210100,Aigua,35000,0,7283.18,0
,,7910,43120,2210200,Gas,25000,0,1703.46,0
,,7910,92000,2210000,Energia elèctrica,282000,0,39543.73,0
,,7910,92000,2210100,Aigua,65000,0,3019.66,0
,,7910,92000,2210200,Gas,60000,0,9860.07,0
,,8100,92011,1200000,Retribució sou base funcionari A1,25134.58,0,4092.41,0
,,8100,92011,1200300,Retribució sou base funcionari C1,51681.45,0,8891.01,0
,,8100,92011,1200600,Triennis,11365.37,0,2721.49,0
,,8100,92011,1210000,Complement Destí  funcionaris,31499.28,0,7743.06,0
,,8100,92011,1210100,Complement específic funcionaris,88903.8,0,21723.21,0
,,8100,92011,1510000,Gratificacions treballs extraordinaris,0,0,895.82,0
,,8100,92011,1600000,Seguretat Social,42305.41,0,7249.91,0
,,8100,92011,1620900,Altres despeses socials (premis antiguitat),0,0,0,0
,,8100,92011,2200100,"Premsa, revistes, llibres i altres publicacions",15500,0,3635.31,0
,,8100,92011,2260300,Publicació en diaris oficials,0,0,436.8,0
,,8100,92011,2260400,Despeses jurídiques,8000,0,0,0
,,8100,92011,2269900,Altres despeses,10000,0,1185.13,0
,,8110,92012,1200000,Retribució sou base funcionari A1,177140.26,0,34873.72,0
,,8110,92012,1200300,Retribució sou base funcionari C1,12748.1,0,2203.53,0
,,8110,92012,1200600,Triennis,24673.88,0,5630.63,0
,,8110,92012,1210000,Complement Destí funcionaris,76134.84,0,17769.85,0
,,8110,92012,1210100,Complement específic funcionaris,176595.36,0,41222.9,0
,,8110,92012,1210300,Altres Complements funcionaris,0,0,253.54,0
,,8110,92012,1300000,Retribució bàsiques personal laboral,25916.51,0,0,0
,,8110,92012,1300100,Hores extraordinàries,0,0,0,0
,,8110,92012,1300200,Altre retribucions personal laboral,2374.56,0,0,0
,,8110,92012,1430000,Despeses per substitució,54893.9,0,11980.65,0
,,8110,92012,1600000,Seguretat Social,137247.71,0,19596.97,0
,,8110,92012,1620900,Altres despeses socials (premis antiguitat),0,0,564.53,0
,,8110,92012,2100300,Execució d'obres subsidiàries,18000,0,0,0
,,8110,92012,2200100,"Premsa, revistes, llibres i altres publicacions",3400,0,0,0
,,8110,92012,2260300,Publicació en diaris oficials,0,0,218.4,0
,,8110,92012,2260400,Despeses jurídiques,81000,0,7399,0
,,8110,92012,2269900,Altres despeses,2000,0,0,0
,,8200,93102,1200000,Retribució sou base funcionari A1,25134.58,0,3394.08,0
,,8200,93102,1200300,Retribució sou base funcionari C1,12459.62,0,2203.53,0
,,8200,93102,1200400,Retribució sou base funcionari C2,11376.35,0,3240.37,0
,,8200,93102,1200600,Triennis,9005.67,0,2155.5,0
,,8200,93102,1210000,Complement Destí  funcionaris,19875.24,0,4703.5,0
,,8200,93102,1210100,Complement específic funcionaris,60430.44,0,14503.67,0
,,8200,93102,1210300,Altres complements funcionaris,5350.08,0,891.68,0
,,8200,93102,1600000,Seguretat Social,25231.4,0,3854.98,0
,,8200,93102,2269900,Altres despeses,1000,0,0,0
,,8200,93102,2270600,Estudis i treballs tècnics,74000,0,0,0
,,8210,93103,1200000,Retribució sou base funcionari A1,17588.28,0,3394.08,0
,,8210,93103,1200100,Retribució sou base funcionari A2,18667.36,0,2934.78,0
,,8210,93103,1200300,Retrubució sou base funcionari C1,24544.36,0,4407.06,0
,,8210,93103,1200600,Triennis,6886.29,0,1714.86,0
,,8210,93103,1210000,Complement Destí funcionaris,23489.76,0,5872.44,0
,,8210,93103,1210100,Complement específic funcionaris,47001.24,0,11750.31,0
,,8210,93103,1210300,Altres Complements,0,0,242.73,0
,,8210,93103,1600000,Seguretat Social,34808.11,0,5863.06,0
,,8220,93102,1200000,Sous del Grup A1,0,0,0,0
,,8220,93102,1210000,Complement de destinació,0,0,0,0
,,8220,93102,1210100,Complement específic,0,0,0,0
,,8220,93102,1300000,Retribucions bàsiques personal laboral,65331.8,0,13652.13,0
,,8220,93102,1300200,Altre retribucions personal laboral,18398.76,0,4599.69,0
,,8220,93102,1600000,Seguretat Social,22627.56,0,3771.26,0
,,8300,92502,1200300,Retribució sou base funcionari C1,12490.56,0,2203.53,0
,,8300,92502,1200600,Triennis,3217.35,0,757.35,0
,,8300,92502,1210000,Complement Destí  funcionaris,3733.92,0,933.48,0
,,8300,92502,1210100,Complement específic funcionaris,6660.6,0,1665.15,0
,,8300,92502,1210300,Altres complements funcionaris,1012.92,0,253.23,0
,,8300,92502,1300000,Retribucions bàsiques personal laboral,36087.62,0,7857.47,0
,,8300,92502,1300200,Altres retribucions personal laboral,1346.64,0,336.66,0
,,8300,92502,1600000,Seguretat Social,18395.96,0,3033.08,0
,,8300,92502,2269900,Altres despeses,27150,0,0,0
,,8300,92502,4890100,Altres transferències,850,0,0,0
,,8400,01101,3100100,Interessos préstec llarg termini,562116.26,-22600,0,0
,,8400,01101,3100200,Interessos préstec curt termini,30000,-10600,0,0
,,8400,01101,3530000,Altres despeses financeres (swap BBVA),455741.56,0,0,0
,,8400,01101,9110100,Amortització préstecs llarg termini. Sector públic,84680.51,0,0,0
,,8400,01101,9130100,Amortització préstecs llarg termini. Sector privat,5150116.48,0,0,0
,,8400,15000,4490101,"Transferències a Gramepark, SA per operacions financeres",100000,0,0,0
,,8400,24100,4490101,"Transferències a Grameimpuls,SA per operacions financeres",100000,0,0,0
,,8400,93400,1200000,Sous del Grup A1,0,0,3394.08,0
,,8400,93400,1200100,Retribucions sou base funcionari A2,15691.09,0,2934.78,0
,,8400,93400,1200300,Retribucions sou base funcionari C1,12671.12,0,2203.53,0
,,8400,93400,1200600,Trienis,4457.84,0,1105.59,0
,,8400,93400,1210000,Complement desti funcionaris,9665.52,0,5381.07,0
,,8400,93400,1210100,Complement específic funcionaris,16982.52,0,11826.24,0
,,8400,93400,1210300,Altres Complements,0,0,753.49,0
,,8400,93400,1300000,Retribucions bàsiques personal laboral,25459.37,0,5395.08,0
,,8400,93400,1300200,Altres retribucions personal laboral,2374.56,0,593.64,0
,,8400,93400,1600000,Seguretat Social,25282.49,0,5892.46,0
,,8400,93400,1620900,ALTRES DESPESES SOCIALS.,0,0,0,0
,,8400,93400,2269900,Altres despeses,6000,0,167.74,0
,,8400,93400,2270600,Estudis i treballs tècnics,0,0,0,0
,,8400,93400,2279909,Contractes desenvolupament serveis,7000,0,242,0
,,8400,93400,2279916,Contractes i Manteniment Programes Informàtics,25000,0,0,0
,,8400,93400,3110100,Despeses de formalització operacions de crèdit,30000,0,0,0
,,8400,93400,3190000,Altres despeses financeres,2000,0,0,0
,,8400,93400,3520000,Interessos de demora,19000,0,446.3,0
,,8410,93201,1200300,Retribucions sou base funcionari C1,88587.85,0,13764.82,0
,,8410,93201,1200600,Trienis,15191.82,0,3113.82,0
,,8410,93201,1210000,Complement destí funcionaris,30293.16,0,5997.47,0
,,8410,93201,1210100,Complement específic funcionaris,63471.48,0,11361.19,0
,,8410,93201,1210300,Altres complements funcionaris,207.6,0,51.9,0
,,8410,93201,1600000,Seguretat social,50401.41,0,6146.37,0
,,8410,93201,1610400,Indemnització per jubilacions anticipades.,0,0,17500.4,0
,,8410,93201,2269900,Altres despeses,3000,0,0,0
,,8410,93201,2270800,Despeses per la gestió de l'ORGT (executiva),650000,0,7.32,0
,,8410,93201,2279909,Contractes desenvolupament serveis,14000,0,0,0
,,8410,93201,2279917,Despeses per la gestió de l'ORGT (multes),150000,0,81483.74,0
,,8410,93201,2279918,Despeses per la gestió de l'ORGT (voluntària IVTM),75000,0,199.34,0
#TOT.,,,,,,103223886.2,33934370.66,19161213.69,
